[{"model": "mainModels.parkinglot", "pk": 1, "fields": {"name": "test_lot", "description": "this is a test lot"}}, {"model": "mainModels.lotstate", "pk": 1, "fields": {"parking_lot": 1, "active": true}}, {"model": "mainModels.sector", "pk": 1, "fields": {"lot_state": 1, "x_index": 1, "y_index": 3, "cameraID": "1.0"}}, {"model": "mainModels.row", "pk": 1, "fields": {"lot_state": 1, "active": true}}, {"model": "mainModels.row", "pk": 2, "fields": {"lot_state": 1, "active": true}}, {"model": "mainModels.spot", "pk": 1, "fields": {"row": null, "active": true, "full": true, "last_park": "2018-12-03T07:01:49.298Z"}}, {"model": "mainModels.spot", "pk": 2, "fields": {"row": null, "active": true, "full": true, "last_park": "2018-12-03T07:01:49.306Z"}}, {"model": "mainModels.spot", "pk": 3, "fields": {"row": null, "active": true, "full": false, "last_park": null}}, {"model": "mainModels.spot", "pk": 4, "fields": {"row": null, "active": true, "full": false, "last_park": null}}, {"model": "mainModels.spot", "pk": 5, "fields": {"row": null, "active": true, "full": true, "last_park": "2018-12-03T07:01:49.343Z"}}, {"model": "mainModels.spot", "pk": 6, "fields": {"row": null, "active": true, "full": true, "last_park": "2018-12-03T07:01:49.353Z"}}, {"model": "mainModels.spot", "pk": 7, "fields": {"row": null, "active": true, "full": false, "last_park": null}}, {"model": "mainModels.spot", "pk": 8, "fields": {"row": null, "active": true, "full": false, "last_park": null}}, {"model": "mainModels.spot", "pk": 9, "fields": {"row": null, "active": true, "full": false, "last_park": null}}, {"model": "mainModels.spot", "pk": 10, "fields": {"row": null, "active": true, "full": false, "last_park": null}}, {"model": "mainModels.spot", "pk": 11, "fields": {"row": null, "active": true, "full": false, "last_park": null}}, {"model": "mainModels.spot", "pk": 12, "fields": {"row": null, "active": true, "full": false, "last_park": null}}, {"model": "mainModels.spot", "pk": 13, "fields": {"row": null, "active": true, "full": false, "last_park": null}}, {"model": "mainModels.spot", "pk": 14, "fields": {"row": null, "active": true, "full": false, "last_park": null}}, {"model": "mainModels.spot", "pk": 15, "fields": {"row": null, "active": true, "full": false, "last_park": null}}, {"model": "mainModels.spot", "pk": 16, "fields": {"row": null, "active": true, "full": false, "last_park": null}}, {"model": "mainModels.spot", "pk": 17, "fields": {"row": null, "active": true, "full": false, "last_park": null}}, {"model": "mainModels.spot", "pk": 18, "fields": {"row": null, "active": true, "full": false, "last_park": null}}, {"model": "mainModels.spot", "pk": 19, "fields": {"row": null, "active": true, "full": false, "last_park": null}}, {"model": "mainModels.spot", "pk": 20, "fields": {"row": null, "active": true, "full": false, "last_park": null}}, {"model": "mainModels.spot", "pk": 21, "fields": {"row": null, "active": true, "full": false, "last_park": null}}, {"model": "mainModels.spot", "pk": 22, "fields": {"row": null, "active": true, "full": false, "last_park": null}}, {"model": "mainModels.spot", "pk": 23, "fields": {"row": null, "active": true, "full": false, "last_park": null}}, {"model": "mainModels.spot", "pk": 24, "fields": {"row": null, "active": true, "full": false, "last_park": null}}, {"model": "mainModels.spot", "pk": 25, "fields": {"row": null, "active": true, "full": false, "last_park": null}}, {"model": "mainModels.spot", "pk": 26, "fields": {"row": null, "active": true, "full": false, "last_park": null}}, {"model": "mainModels.spot", "pk": 27, "fields": {"row": null, "active": true, "full": false, "last_park": null}}, {"model": "mainModels.spot", "pk": 28, "fields": {"row": null, "active": true, "full": false, "last_park": null}}, {"model": "mainModels.spot", "pk": 29, "fields": {"row": null, "active": true, "full": false, "last_park": null}}, {"model": "mainModels.spot", "pk": 30, "fields": {"row": null, "active": true, "full": false, "last_park": null}}, {"model": "mainModels.spot", "pk": 31, "fields": {"row": null, "active": true, "full": false, "last_park": null}}, {"model": "mainModels.spot", "pk": 32, "fields": {"row": null, "active": true, "full": false, "last_park": null}}, {"model": "mainModels.spot", "pk": 33, "fields": {"row": null, "active": true, "full": false, "last_park": null}}, {"model": "mainModels.spot", "pk": 34, "fields": {"row": null, "active": true, "full": false, "last_park": null}}, {"model": "mainModels.spot", "pk": 35, "fields": {"row": null, "active": true, "full": false, "last_park": null}}, {"model": "mainModels.spot", "pk": 36, "fields": {"row": null, "active": true, "full": false, "last_park": null}}, {"model": "mainModels.spot", "pk": 37, "fields": {"row": null, "active": true, "full": false, "last_park": null}}, {"model": "mainModels.spot", "pk": 38, "fields": {"row": null, "active": true, "full": false, "last_park": null}}, {"model": "mainModels.spot", "pk": 39, "fields": {"row": null, "active": true, "full": false, "last_park": null}}, {"model": "mainModels.spot", "pk": 40, "fields": {"row": null, "active": true, "full": false, "last_park": null}}, {"model": "mainModels.spot", "pk": 41, "fields": {"row": null, "active": true, "full": false, "last_park": null}}, {"model": "mainModels.spot", "pk": 42, "fields": {"row": null, "active": true, "full": false, "last_park": null}}, {"model": "mainModels.spot", "pk": 43, "fields": {"row": null, "active": true, "full": false, "last_park": null}}, {"model": "mainModels.spot", "pk": 44, "fields": {"row": null, "active": true, "full": false, "last_park": null}}, {"model": "mainModels.spot", "pk": 45, "fields": {"row": null, "active": true, "full": false, "last_park": null}}, {"model": "mainModels.spot", "pk": 46, "fields": {"row": null, "active": true, "full": false, "last_park": null}}, {"model": "mainModels.spot", "pk": 47, "fields": {"row": null, "active": true, "full": false, "last_park": null}}, {"model": "mainModels.spot", "pk": 48, "fields": {"row": null, "active": true, "full": false, "last_park": null}}, {"model": "mainModels.spot", "pk": 49, "fields": {"row": null, "active": true, "full": false, "last_park": null}}, {"model": "mainModels.spot", "pk": 50, "fields": {"row": null, "active": true, "full": false, "last_park": null}}, {"model": "mainModels.spot", "pk": 51, "fields": {"row": null, "active": true, "full": false, "last_park": null}}, {"model": "mainModels.spot", "pk": 52, "fields": {"row": null, "active": true, "full": false, "last_park": null}}, {"model": "mainModels.spot", "pk": 53, "fields": {"row": null, "active": true, "full": false, "last_park": null}}, {"model": "mainModels.spot", "pk": 54, "fields": {"row": null, "active": true, "full": false, "last_park": null}}, {"model": "mainModels.spot", "pk": 55, "fields": {"row": null, "active": true, "full": false, "last_park": null}}, {"model": "mainModels.spot", "pk": 56, "fields": {"row": null, "active": true, "full": false, "last_park": null}}, {"model": "mainModels.spot", "pk": 57, "fields": {"row": null, "active": true, "full": false, "last_park": null}}, {"model": "mainModels.spot", "pk": 58, "fields": {"row": null, "active": true, "full": false, "last_park": null}}, {"model": "mainModels.spot", "pk": 59, "fields": {"row": null, "active": true, "full": false, "last_park": null}}, {"model": "mainModels.spot", "pk": 60, "fields": {"row": null, "active": true, "full": false, "last_park": null}}, {"model": "mainModels.spot", "pk": 61, "fields": {"row": null, "active": true, "full": false, "last_park": null}}, {"model": "mainModels.spot", "pk": 62, "fields": {"row": null, "active": true, "full": false, "last_park": null}}, {"model": "mainModels.spot", "pk": 63, "fields": {"row": null, "active": true, "full": false, "last_park": null}}, {"model": "mainModels.spot", "pk": 64, "fields": {"row": null, "active": true, "full": false, "last_park": null}}, {"model": "mainModels.spot", "pk": 65, "fields": {"row": null, "active": true, "full": false, "last_park": null}}, {"model": "mainModels.spot", "pk": 66, "fields": {"row": null, "active": true, "full": false, "last_park": null}}, {"model": "mainModels.spot", "pk": 67, "fields": {"row": null, "active": true, "full": false, "last_park": null}}, {"model": "mainModels.spot", "pk": 68, "fields": {"row": null, "active": true, "full": false, "last_park": null}}, {"model": "mainModels.spot", "pk": 69, "fields": {"row": null, "active": true, "full": false, "last_park": null}}, {"model": "mainModels.spot", "pk": 70, "fields": {"row": null, "active": true, "full": false, "last_park": null}}, {"model": "mainModels.spot", "pk": 71, "fields": {"row": null, "active": true, "full": false, "last_park": null}}, {"model": "mainModels.spot", "pk": 72, "fields": {"row": null, "active": true, "full": false, "last_park": null}}, {"model": "mainModels.spot", "pk": 73, "fields": {"row": null, "active": true, "full": false, "last_park": null}}, {"model": "mainModels.spot", "pk": 74, "fields": {"row": null, "active": true, "full": false, "last_park": null}}, {"model": "mainModels.spot", "pk": 75, "fields": {"row": null, "active": true, "full": false, "last_park": null}}, {"model": "mainModels.spot", "pk": 76, "fields": {"row": null, "active": true, "full": false, "last_park": null}}, {"model": "mainModels.spot", "pk": 77, "fields": {"row": null, "active": true, "full": false, "last_park": null}}, {"model": "mainModels.spot", "pk": 78, "fields": {"row": null, "active": true, "full": false, "last_park": null}}, {"model": "mainModels.spot", "pk": 79, "fields": {"row": null, "active": true, "full": false, "last_park": null}}, {"model": "mainModels.spot", "pk": 80, "fields": {"row": null, "active": true, "full": false, "last_park": null}}, {"model": "mainModels.spot", "pk": 81, "fields": {"row": null, "active": true, "full": false, "last_park": null}}, {"model": "mainModels.spot", "pk": 82, "fields": {"row": null, "active": true, "full": false, "last_park": null}}, {"model": "mainModels.spot", "pk": 83, "fields": {"row": null, "active": true, "full": false, "last_park": null}}, {"model": "mainModels.spot", "pk": 84, "fields": {"row": null, "active": true, "full": false, "last_park": null}}, {"model": "mainModels.spot", "pk": 85, "fields": {"row": null, "active": true, "full": false, "last_park": null}}, {"model": "mainModels.spot", "pk": 86, "fields": {"row": null, "active": true, "full": false, "last_park": null}}, {"model": "mainModels.spot", "pk": 87, "fields": {"row": null, "active": true, "full": false, "last_park": null}}, {"model": "mainModels.spot", "pk": 88, "fields": {"row": null, "active": true, "full": false, "last_park": null}}, {"model": "mainModels.spot", "pk": 89, "fields": {"row": null, "active": true, "full": true, "last_park": "2018-12-03T08:14:47.018Z"}}, {"model": "mainModels.spot", "pk": 90, "fields": {"row": null, "active": true, "full": true, "last_park": "2018-12-03T08:14:47.027Z"}}, {"model": "mainModels.spot", "pk": 91, "fields": {"row": null, "active": true, "full": true, "last_park": "2018-12-03T08:14:47.039Z"}}, {"model": "mainModels.spot", "pk": 92, "fields": {"row": null, "active": true, "full": true, "last_park": "2018-12-03T08:14:47.049Z"}}, {"model": "mainModels.spot", "pk": 93, "fields": {"row": null, "active": true, "full": true, "last_park": "2018-12-03T08:14:47.064Z"}}, {"model": "mainModels.spot", "pk": 94, "fields": {"row": null, "active": true, "full": true, "last_park": "2018-12-03T08:14:47.079Z"}}, {"model": "mainModels.spot", "pk": 95, "fields": {"row": null, "active": true, "full": false, "last_park": null}}, {"model": "mainModels.spot", "pk": 96, "fields": {"row": null, "active": true, "full": false, "last_park": null}}, {"model": "mainModels.spot", "pk": 97, "fields": {"row": null, "active": true, "full": false, "last_park": null}}, {"model": "mainModels.spot", "pk": 98, "fields": {"row": null, "active": true, "full": false, "last_park": null}}, {"model": "mainModels.spot", "pk": 99, "fields": {"row": null, "active": true, "full": false, "last_park": null}}, {"model": "mainModels.spot", "pk": 100, "fields": {"row": null, "active": true, "full": false, "last_park": null}}, {"model": "mainModels.spot", "pk": 101, "fields": {"row": null, "active": true, "full": false, "last_park": null}}, {"model": "mainModels.spot", "pk": 102, "fields": {"row": null, "active": true, "full": false, "last_park": null}}, {"model": "mainModels.spot", "pk": 103, "fields": {"row": null, "active": true, "full": false, "last_park": null}}, {"model": "mainModels.spot", "pk": 104, "fields": {"row": null, "active": true, "full": false, "last_park": null}}, {"model": "mainModels.spot", "pk": 105, "fields": {"row": null, "active": true, "full": false, "last_park": null}}, {"model": "mainModels.spot", "pk": 106, "fields": {"row": null, "active": true, "full": false, "last_park": null}}, {"model": "mainModels.spot", "pk": 107, "fields": {"row": null, "active": true, "full": false, "last_park": null}}, {"model": "mainModels.spot", "pk": 108, "fields": {"row": null, "active": true, "full": false, "last_park": null}}, {"model": "mainModels.spot", "pk": 109, "fields": {"row": null, "active": true, "full": false, "last_park": null}}, {"model": "mainModels.spot", "pk": 110, "fields": {"row": null, "active": true, "full": false, "last_park": null}}, {"model": "mainModels.spot", "pk": 111, "fields": {"row": null, "active": true, "full": false, "last_park": null}}, {"model": "mainModels.spot", "pk": 112, "fields": {"row": null, "active": true, "full": false, "last_park": null}}, {"model": "mainModels.spot", "pk": 113, "fields": {"row": null, "active": true, "full": false, "last_park": null}}, {"model": "mainModels.spot", "pk": 114, "fields": {"row": null, "active": true, "full": false, "last_park": null}}, {"model": "mainModels.spot", "pk": 115, "fields": {"row": null, "active": true, "full": false, "last_park": null}}, {"model": "mainModels.spot", "pk": 116, "fields": {"row": null, "active": true, "full": false, "last_park": null}}, {"model": "mainModels.spot", "pk": 117, "fields": {"row": null, "active": true, "full": false, "last_park": null}}, {"model": "mainModels.spot", "pk": 118, "fields": {"row": null, "active": true, "full": false, "last_park": null}}, {"model": "mainModels.spot", "pk": 119, "fields": {"row": null, "active": true, "full": true, "last_park": "2018-12-03T08:49:08.331Z"}}, {"model": "mainModels.spot", "pk": 120, "fields": {"row": null, "active": true, "full": true, "last_park": "2018-12-03T08:49:08.350Z"}}, {"model": "mainModels.spot", "pk": 121, "fields": {"row": null, "active": true, "full": true, "last_park": "2018-12-03T08:49:08.375Z"}}, {"model": "mainModels.spot", "pk": 122, "fields": {"row": null, "active": true, "full": true, "last_park": "2018-12-03T08:49:08.387Z"}}, {"model": "mainModels.spot", "pk": 123, "fields": {"row": null, "active": true, "full": true, "last_park": "2018-12-03T08:49:08.406Z"}}, {"model": "mainModels.spot", "pk": 124, "fields": {"row": null, "active": true, "full": true, "last_park": "2018-12-03T08:49:08.425Z"}}, {"model": "mainModels.spot", "pk": 125, "fields": {"row": null, "active": true, "full": true, "last_park": "2018-12-03T08:55:22.119Z"}}, {"model": "mainModels.spot", "pk": 126, "fields": {"row": null, "active": true, "full": true, "last_park": "2018-12-03T08:50:24.783Z"}}, {"model": "mainModels.spot", "pk": 127, "fields": {"row": null, "active": true, "full": true, "last_park": "2018-12-03T08:50:24.795Z"}}, {"model": "mainModels.spot", "pk": 128, "fields": {"row": null, "active": true, "full": false, "last_park": null}}, {"model": "mainModels.spot", "pk": 129, "fields": {"row": null, "active": true, "full": true, "last_park": "2018-12-03T08:50:24.821Z"}}, {"model": "mainModels.spot", "pk": 130, "fields": {"row": null, "active": true, "full": false, "last_park": null}}, {"model": "mainModels.spot", "pk": 131, "fields": {"row": null, "active": true, "full": true, "last_park": "2018-12-03T09:14:32.467Z"}}, {"model": "mainModels.spot", "pk": 132, "fields": {"row": null, "active": true, "full": true, "last_park": "2018-12-03T09:09:18.766Z"}}, {"model": "mainModels.spot", "pk": 133, "fields": {"row": null, "active": true, "full": true, "last_park": "2018-12-03T09:14:32.481Z"}}, {"model": "mainModels.spot", "pk": 134, "fields": {"row": null, "active": true, "full": true, "last_park": "2018-12-03T09:09:18.781Z"}}, {"model": "mainModels.spot", "pk": 135, "fields": {"row": null, "active": true, "full": true, "last_park": "2018-12-03T09:09:18.790Z"}}, {"model": "mainModels.spot", "pk": 136, "fields": {"row": null, "active": true, "full": false, "last_park": null}}, {"model": "mainModels.spot", "pk": 137, "fields": {"row": null, "active": true, "full": false, "last_park": null}}, {"model": "mainModels.spot", "pk": 138, "fields": {"row": null, "active": true, "full": false, "last_park": null}}, {"model": "mainModels.spot", "pk": 139, "fields": {"row": null, "active": true, "full": false, "last_park": null}}, {"model": "mainModels.spot", "pk": 140, "fields": {"row": null, "active": true, "full": false, "last_park": null}}, {"model": "mainModels.spot", "pk": 141, "fields": {"row": null, "active": true, "full": false, "last_park": null}}, {"model": "mainModels.spot", "pk": 142, "fields": {"row": null, "active": true, "full": false, "last_park": null}}, {"model": "mainModels.spot", "pk": 143, "fields": {"row": null, "active": true, "full": true, "last_park": "2018-12-03T09:27:14.866Z"}}, {"model": "mainModels.spot", "pk": 144, "fields": {"row": null, "active": true, "full": true, "last_park": "2018-12-03T09:27:14.875Z"}}, {"model": "mainModels.spot", "pk": 145, "fields": {"row": null, "active": true, "full": true, "last_park": "2018-12-03T09:27:14.885Z"}}, {"model": "mainModels.spot", "pk": 146, "fields": {"row": null, "active": true, "full": true, "last_park": "2018-12-03T09:27:14.895Z"}}, {"model": "mainModels.spot", "pk": 147, "fields": {"row": null, "active": true, "full": true, "last_park": "2018-12-03T09:27:14.908Z"}}, {"model": "mainModels.spot", "pk": 148, "fields": {"row": null, "active": true, "full": true, "last_park": "2018-12-03T09:28:35.949Z"}}, {"model": "mainModels.spot", "pk": 149, "fields": {"row": null, "active": true, "full": false, "last_park": null}}, {"model": "mainModels.spot", "pk": 150, "fields": {"row": null, "active": true, "full": false, "last_park": null}}, {"model": "mainModels.spot", "pk": 151, "fields": {"row": null, "active": true, "full": false, "last_park": null}}, {"model": "mainModels.spot", "pk": 152, "fields": {"row": null, "active": true, "full": false, "last_park": null}}, {"model": "mainModels.spot", "pk": 153, "fields": {"row": null, "active": true, "full": false, "last_park": null}}, {"model": "mainModels.spot", "pk": 154, "fields": {"row": null, "active": true, "full": false, "last_park": null}}, {"model": "mainModels.spot", "pk": 155, "fields": {"row": null, "active": true, "full": false, "last_park": null}}, {"model": "mainModels.spot", "pk": 156, "fields": {"row": null, "active": true, "full": false, "last_park": null}}, {"model": "mainModels.spot", "pk": 157, "fields": {"row": null, "active": true, "full": false, "last_park": null}}, {"model": "mainModels.spot", "pk": 158, "fields": {"row": null, "active": true, "full": false, "last_park": null}}, {"model": "mainModels.spot", "pk": 159, "fields": {"row": null, "active": true, "full": false, "last_park": null}}, {"model": "mainModels.spot", "pk": 160, "fields": {"row": null, "active": true, "full": false, "last_park": null}}, {"model": "mainModels.spot", "pk": 161, "fields": {"row": null, "active": true, "full": false, "last_park": null}}, {"model": "mainModels.spot", "pk": 162, "fields": {"row": null, "active": true, "full": false, "last_park": null}}, {"model": "mainModels.spot", "pk": 163, "fields": {"row": null, "active": true, "full": false, "last_park": null}}, {"model": "mainModels.spot", "pk": 164, "fields": {"row": null, "active": true, "full": false, "last_park": null}}, {"model": "mainModels.spot", "pk": 165, "fields": {"row": null, "active": true, "full": false, "last_park": null}}, {"model": "mainModels.spot", "pk": 166, "fields": {"row": null, "active": true, "full": false, "last_park": null}}, {"model": "mainModels.spot", "pk": 167, "fields": {"row": null, "active": true, "full": true, "last_park": "2018-12-03T18:14:04.284Z"}}, {"model": "mainModels.spot", "pk": 168, "fields": {"row": null, "active": true, "full": true, "last_park": "2018-12-03T18:14:04.293Z"}}, {"model": "mainModels.spot", "pk": 169, "fields": {"row": null, "active": true, "full": true, "last_park": "2018-12-03T18:14:04.301Z"}}, {"model": "mainModels.spot", "pk": 170, "fields": {"row": null, "active": true, "full": true, "last_park": "2018-12-03T18:14:04.310Z"}}, {"model": "mainModels.spot", "pk": 171, "fields": {"row": null, "active": true, "full": true, "last_park": "2018-12-03T18:15:35.192Z"}}, {"model": "mainModels.spot", "pk": 172, "fields": {"row": null, "active": true, "full": true, "last_park": "2018-12-03T18:15:35.206Z"}}, {"model": "mainModels.spot", "pk": 173, "fields": {"row": null, "active": true, "full": true, "last_park": "2018-12-03T18:15:35.218Z"}}, {"model": "mainModels.spot", "pk": 174, "fields": {"row": null, "active": true, "full": true, "last_park": "2018-12-03T18:15:35.229Z"}}, {"model": "mainModels.spot", "pk": 175, "fields": {"row": null, "active": true, "full": false, "last_park": null}}, {"model": "mainModels.spot", "pk": 176, "fields": {"row": null, "active": true, "full": false, "last_park": null}}, {"model": "mainModels.spot", "pk": 177, "fields": {"row": null, "active": true, "full": false, "last_park": null}}, {"model": "mainModels.spot", "pk": 178, "fields": {"row": null, "active": true, "full": false, "last_park": null}}, {"model": "mainModels.spot", "pk": 179, "fields": {"row": null, "active": true, "full": false, "last_park": null}}, {"model": "mainModels.spot", "pk": 180, "fields": {"row": null, "active": true, "full": false, "last_park": null}}, {"model": "mainModels.parkingevent", "pk": 1, "fields": {"spot": 1, "parking_start": "2018-12-03T06:42:31.063Z", "parking_end": "2018-12-03T06:44:51.892Z"}}, {"model": "mainModels.parkingevent", "pk": 2, "fields": {"spot": 4, "parking_start": "2018-12-03T06:42:31.083Z", "parking_end": "2018-12-03T06:44:51.917Z"}}, {"model": "mainModels.parkingevent", "pk": 3, "fields": {"spot": 5, "parking_start": "2018-12-03T06:42:31.095Z", "parking_end": "2018-12-03T06:44:51.935Z"}}, {"model": "mainModels.parkingevent", "pk": 4, "fields": {"spot": 6, "parking_start": "2018-12-03T06:42:31.107Z", "parking_end": "2018-12-03T06:44:51.953Z"}}, {"model": "mainModels.parkingevent", "pk": 5, "fields": {"spot": 1, "parking_start": "2018-12-03T06:45:36.109Z", "parking_end": "2018-12-03T06:46:21.477Z"}}, {"model": "mainModels.parkingevent", "pk": 6, "fields": {"spot": 2, "parking_start": "2018-12-03T06:45:36.117Z", "parking_end": "2018-12-03T06:46:21.501Z"}}, {"model": "mainModels.parkingevent", "pk": 7, "fields": {"spot": 5, "parking_start": "2018-12-03T06:45:36.131Z", "parking_end": "2018-12-03T06:46:21.520Z"}}, {"model": "mainModels.parkingevent", "pk": 8, "fields": {"spot": 1, "parking_start": "2018-12-03T06:47:03.334Z", "parking_end": "2018-12-03T06:47:44.684Z"}}, {"model": "mainModels.parkingevent", "pk": 9, "fields": {"spot": 2, "parking_start": "2018-12-03T06:47:03.344Z", "parking_end": "2018-12-03T06:47:44.704Z"}}, {"model": "mainModels.parkingevent", "pk": 10, "fields": {"spot": 5, "parking_start": "2018-12-03T06:47:03.358Z", "parking_end": "2018-12-03T06:47:44.726Z"}}, {"model": "mainModels.parkingevent", "pk": 11, "fields": {"spot": 2, "parking_start": "2018-12-03T06:48:28.171Z", "parking_end": "2018-12-03T06:49:09.627Z"}}, {"model": "mainModels.parkingevent", "pk": 12, "fields": {"spot": 5, "parking_start": "2018-12-03T06:48:28.192Z", "parking_end": "2018-12-03T06:49:09.647Z"}}, {"model": "mainModels.parkingevent", "pk": 13, "fields": {"spot": 6, "parking_start": "2018-12-03T06:48:28.202Z", "parking_end": "2018-12-03T06:49:09.665Z"}}, {"model": "mainModels.parkingevent", "pk": 14, "fields": {"spot": 1, "parking_start": "2018-12-03T06:49:09.619Z", "parking_end": "2018-12-03T06:49:53.010Z"}}, {"model": "mainModels.parkingevent", "pk": 15, "fields": {"spot": 2, "parking_start": "2018-12-03T06:49:53.029Z", "parking_end": "2018-12-03T06:50:34.836Z"}}, {"model": "mainModels.parkingevent", "pk": 16, "fields": {"spot": 5, "parking_start": "2018-12-03T06:49:53.046Z", "parking_end": "2018-12-03T06:50:34.869Z"}}, {"model": "mainModels.parkingevent", "pk": 17, "fields": {"spot": 6, "parking_start": "2018-12-03T06:49:53.054Z", "parking_end": "2018-12-03T06:50:34.884Z"}}, {"model": "mainModels.parkingevent", "pk": 18, "fields": {"spot": 1, "parking_start": "2018-12-03T06:50:34.826Z", "parking_end": "2018-12-03T06:51:16.465Z"}}, {"model": "mainModels.parkingevent", "pk": 19, "fields": {"spot": 3, "parking_start": "2018-12-03T06:50:34.855Z", "parking_end": "2018-12-03T06:51:16.486Z"}}, {"model": "mainModels.parkingevent", "pk": 20, "fields": {"spot": 5, "parking_start": "2018-12-03T06:51:16.504Z", "parking_end": "2018-12-03T06:51:58.442Z"}}, {"model": "mainModels.parkingevent", "pk": 21, "fields": {"spot": 6, "parking_start": "2018-12-03T06:51:16.512Z", "parking_end": "2018-12-03T06:51:58.462Z"}}, {"model": "mainModels.parkingevent", "pk": 22, "fields": {"spot": 1, "parking_start": "2018-12-03T06:51:58.418Z", "parking_end": "2018-12-03T06:52:40.340Z"}}, {"model": "mainModels.parkingevent", "pk": 23, "fields": {"spot": 5, "parking_start": "2018-12-03T06:52:40.375Z", "parking_end": "2018-12-03T06:53:22.099Z"}}, {"model": "mainModels.parkingevent", "pk": 24, "fields": {"spot": 1, "parking_start": "2018-12-03T06:53:56.961Z", "parking_end": "2018-12-03T06:54:30.573Z"}}, {"model": "mainModels.parkingevent", "pk": 25, "fields": {"spot": 5, "parking_start": "2018-12-03T06:53:56.984Z", "parking_end": "2018-12-03T06:54:30.612Z"}}, {"model": "mainModels.parkingevent", "pk": 26, "fields": {"spot": 1, "parking_start": "2018-12-03T06:55:03.405Z", "parking_end": "2018-12-03T06:55:38.338Z"}}, {"model": "mainModels.parkingevent", "pk": 27, "fields": {"spot": 5, "parking_start": "2018-12-03T06:55:03.420Z", "parking_end": "2018-12-03T06:55:38.374Z"}}, {"model": "mainModels.parkingevent", "pk": 28, "fields": {"spot": 3, "parking_start": "2018-12-03T06:55:38.364Z", "parking_end": "2018-12-03T06:56:10.571Z"}}, {"model": "mainModels.parkingevent", "pk": 29, "fields": {"spot": 1, "parking_start": "2018-12-03T06:56:10.558Z", "parking_end": "2018-12-03T06:56:46.222Z"}}, {"model": "mainModels.parkingevent", "pk": 30, "fields": {"spot": 5, "parking_start": "2018-12-03T06:56:10.594Z", "parking_end": "2018-12-03T06:56:46.274Z"}}, {"model": "mainModels.parkingevent", "pk": 31, "fields": {"spot": 3, "parking_start": "2018-12-03T06:56:46.264Z", "parking_end": "2018-12-03T06:57:19.382Z"}}, {"model": "mainModels.parkingevent", "pk": 32, "fields": {"spot": 1, "parking_start": "2018-12-03T06:57:19.365Z", "parking_end": "2018-12-03T06:57:51.935Z"}}, {"model": "mainModels.parkingevent", "pk": 33, "fields": {"spot": 5, "parking_start": "2018-12-03T06:57:19.416Z", "parking_end": "2018-12-03T06:57:51.972Z"}}, {"model": "mainModels.parkingevent", "pk": 34, "fields": {"spot": 3, "parking_start": "2018-12-03T06:57:51.959Z", "parking_end": "2018-12-03T06:58:25.630Z"}}, {"model": "mainModels.parkingevent", "pk": 35, "fields": {"spot": 1, "parking_start": "2018-12-03T06:58:25.606Z", "parking_end": "2018-12-03T06:58:57.056Z"}}, {"model": "mainModels.parkingevent", "pk": 36, "fields": {"spot": 2, "parking_start": "2018-12-03T06:58:25.619Z", "parking_end": "2018-12-03T06:58:57.081Z"}}, {"model": "mainModels.parkingevent", "pk": 37, "fields": {"spot": 5, "parking_start": "2018-12-03T06:58:25.649Z", "parking_end": "2018-12-03T06:58:57.111Z"}}, {"model": "mainModels.parkingevent", "pk": 38, "fields": {"spot": 6, "parking_start": "2018-12-03T06:58:25.658Z", "parking_end": "2018-12-03T06:58:57.128Z"}}, {"model": "mainModels.parkingevent", "pk": 39, "fields": {"spot": 3, "parking_start": "2018-12-03T06:58:57.099Z", "parking_end": "2018-12-03T06:59:31.216Z"}}, {"model": "mainModels.parkingevent", "pk": 40, "fields": {"spot": 1, "parking_start": "2018-12-03T06:59:31.197Z", "parking_end": "2018-12-03T07:00:04.096Z"}}, {"model": "mainModels.parkingevent", "pk": 41, "fields": {"spot": 2, "parking_start": "2018-12-03T06:59:31.205Z", "parking_end": "2018-12-03T07:00:04.114Z"}}, {"model": "mainModels.parkingevent", "pk": 42, "fields": {"spot": 5, "parking_start": "2018-12-03T06:59:31.237Z", "parking_end": "2018-12-03T07:00:04.147Z"}}, {"model": "mainModels.parkingevent", "pk": 43, "fields": {"spot": 6, "parking_start": "2018-12-03T06:59:31.246Z", "parking_end": "2018-12-03T07:00:04.167Z"}}, {"model": "mainModels.parkingevent", "pk": 44, "fields": {"spot": 3, "parking_start": "2018-12-03T07:00:04.134Z", "parking_end": "2018-12-03T07:00:37.402Z"}}, {"model": "mainModels.parkingevent", "pk": 45, "fields": {"spot": 1, "parking_start": "2018-12-03T07:00:37.361Z", "parking_end": "2018-12-03T07:01:14.563Z"}}, {"model": "mainModels.parkingevent", "pk": 46, "fields": {"spot": 2, "parking_start": "2018-12-03T07:00:37.380Z", "parking_end": "2018-12-03T07:01:14.582Z"}}, {"model": "mainModels.parkingevent", "pk": 47, "fields": {"spot": 5, "parking_start": "2018-12-03T07:00:37.440Z", "parking_end": "2018-12-03T07:01:14.609Z"}}, {"model": "mainModels.parkingevent", "pk": 48, "fields": {"spot": 6, "parking_start": "2018-12-03T07:00:37.460Z", "parking_end": "2018-12-03T07:01:14.630Z"}}, {"model": "mainModels.parkingevent", "pk": 49, "fields": {"spot": 3, "parking_start": "2018-12-03T07:01:14.598Z", "parking_end": "2018-12-03T07:01:49.317Z"}}, {"model": "mainModels.parkingevent", "pk": 50, "fields": {"spot": 47, "parking_start": "2018-12-03T07:50:43.185Z", "parking_end": "2018-12-03T07:51:15.431Z"}}, {"model": "mainModels.parkingevent", "pk": 51, "fields": {"spot": 48, "parking_start": "2018-12-03T07:50:43.197Z", "parking_end": "2018-12-03T07:51:15.453Z"}}, {"model": "mainModels.parkingevent", "pk": 52, "fields": {"spot": 49, "parking_start": "2018-12-03T07:50:43.210Z", "parking_end": "2018-12-03T07:51:15.472Z"}}, {"model": "mainModels.parkingevent", "pk": 53, "fields": {"spot": 50, "parking_start": "2018-12-03T07:50:43.223Z", "parking_end": "2018-12-03T07:51:15.487Z"}}, {"model": "mainModels.parkingevent", "pk": 54, "fields": {"spot": 51, "parking_start": "2018-12-03T07:50:43.233Z", "parking_end": "2018-12-03T07:51:15.504Z"}}, {"model": "mainModels.parkingevent", "pk": 55, "fields": {"spot": 52, "parking_start": "2018-12-03T07:50:43.242Z", "parking_end": "2018-12-03T07:51:15.536Z"}}, {"model": "mainModels.parkingevent", "pk": 56, "fields": {"spot": 47, "parking_start": "2018-12-03T07:51:52.717Z", "parking_end": "2018-12-03T07:52:25.933Z"}}, {"model": "mainModels.parkingevent", "pk": 57, "fields": {"spot": 48, "parking_start": "2018-12-03T07:51:52.727Z", "parking_end": "2018-12-03T07:52:25.954Z"}}, {"model": "mainModels.parkingevent", "pk": 58, "fields": {"spot": 49, "parking_start": "2018-12-03T07:51:52.740Z", "parking_end": "2018-12-03T07:52:25.971Z"}}, {"model": "mainModels.parkingevent", "pk": 59, "fields": {"spot": 50, "parking_start": "2018-12-03T07:51:52.751Z", "parking_end": "2018-12-03T07:52:25.987Z"}}, {"model": "mainModels.parkingevent", "pk": 60, "fields": {"spot": 51, "parking_start": "2018-12-03T07:51:52.762Z", "parking_end": "2018-12-03T07:52:26.007Z"}}, {"model": "mainModels.parkingevent", "pk": 61, "fields": {"spot": 52, "parking_start": "2018-12-03T07:51:52.770Z", "parking_end": "2018-12-03T07:52:26.023Z"}}, {"model": "mainModels.parkingevent", "pk": 62, "fields": {"spot": 47, "parking_start": "2018-12-03T07:52:58.269Z", "parking_end": "2018-12-03T07:53:30.726Z"}}, {"model": "mainModels.parkingevent", "pk": 63, "fields": {"spot": 48, "parking_start": "2018-12-03T07:52:58.286Z", "parking_end": "2018-12-03T07:53:30.750Z"}}, {"model": "mainModels.parkingevent", "pk": 64, "fields": {"spot": 49, "parking_start": "2018-12-03T07:52:58.295Z", "parking_end": "2018-12-03T07:53:30.768Z"}}, {"model": "mainModels.parkingevent", "pk": 65, "fields": {"spot": 50, "parking_start": "2018-12-03T07:52:58.307Z", "parking_end": "2018-12-03T07:53:30.793Z"}}, {"model": "mainModels.parkingevent", "pk": 66, "fields": {"spot": 51, "parking_start": "2018-12-03T07:52:58.329Z", "parking_end": "2018-12-03T07:53:30.823Z"}}, {"model": "mainModels.parkingevent", "pk": 67, "fields": {"spot": 52, "parking_start": "2018-12-03T07:52:58.339Z", "parking_end": "2018-12-03T07:53:30.842Z"}}, {"model": "mainModels.parkingevent", "pk": 68, "fields": {"spot": 53, "parking_start": "2018-12-03T07:57:10.268Z", "parking_end": "2018-12-03T07:57:42.285Z"}}, {"model": "mainModels.parkingevent", "pk": 69, "fields": {"spot": 54, "parking_start": "2018-12-03T07:57:10.277Z", "parking_end": "2018-12-03T07:57:42.307Z"}}, {"model": "mainModels.parkingevent", "pk": 70, "fields": {"spot": 55, "parking_start": "2018-12-03T07:57:10.287Z", "parking_end": "2018-12-03T07:57:42.324Z"}}, {"model": "mainModels.parkingevent", "pk": 71, "fields": {"spot": 56, "parking_start": "2018-12-03T07:57:10.297Z", "parking_end": "2018-12-03T07:57:42.354Z"}}, {"model": "mainModels.parkingevent", "pk": 72, "fields": {"spot": 57, "parking_start": "2018-12-03T07:57:10.307Z", "parking_end": "2018-12-03T07:57:42.373Z"}}, {"model": "mainModels.parkingevent", "pk": 73, "fields": {"spot": 58, "parking_start": "2018-12-03T07:57:10.319Z", "parking_end": "2018-12-03T07:57:42.391Z"}}, {"model": "mainModels.parkingevent", "pk": 74, "fields": {"spot": 53, "parking_start": "2018-12-03T07:58:20.069Z", "parking_end": "2018-12-03T07:59:01.927Z"}}, {"model": "mainModels.parkingevent", "pk": 75, "fields": {"spot": 54, "parking_start": "2018-12-03T07:58:20.078Z", "parking_end": "2018-12-03T07:59:01.966Z"}}, {"model": "mainModels.parkingevent", "pk": 76, "fields": {"spot": 55, "parking_start": "2018-12-03T07:58:20.089Z", "parking_end": "2018-12-03T07:59:01.990Z"}}, {"model": "mainModels.parkingevent", "pk": 77, "fields": {"spot": 56, "parking_start": "2018-12-03T07:58:20.099Z", "parking_end": "2018-12-03T07:59:02.019Z"}}, {"model": "mainModels.parkingevent", "pk": 78, "fields": {"spot": 57, "parking_start": "2018-12-03T07:58:20.109Z", "parking_end": "2018-12-03T07:59:02.045Z"}}, {"model": "mainModels.parkingevent", "pk": 79, "fields": {"spot": 58, "parking_start": "2018-12-03T07:58:20.122Z", "parking_end": "2018-12-03T07:59:02.063Z"}}, {"model": "mainModels.parkingevent", "pk": 80, "fields": {"spot": 53, "parking_start": "2018-12-03T07:59:37.122Z", "parking_end": "2018-12-03T08:00:13.172Z"}}, {"model": "mainModels.parkingevent", "pk": 81, "fields": {"spot": 54, "parking_start": "2018-12-03T07:59:37.133Z", "parking_end": "2018-12-03T08:00:13.193Z"}}, {"model": "mainModels.parkingevent", "pk": 82, "fields": {"spot": 55, "parking_start": "2018-12-03T07:59:37.144Z", "parking_end": "2018-12-03T08:00:13.213Z"}}, {"model": "mainModels.parkingevent", "pk": 83, "fields": {"spot": 56, "parking_start": "2018-12-03T07:59:37.155Z", "parking_end": "2018-12-03T08:00:13.228Z"}}, {"model": "mainModels.parkingevent", "pk": 84, "fields": {"spot": 57, "parking_start": "2018-12-03T07:59:37.170Z", "parking_end": "2018-12-03T08:00:13.245Z"}}, {"model": "mainModels.parkingevent", "pk": 85, "fields": {"spot": 58, "parking_start": "2018-12-03T07:59:37.181Z", "parking_end": "2018-12-03T08:00:13.261Z"}}, {"model": "mainModels.parkingevent", "pk": 86, "fields": {"spot": 71, "parking_start": "2018-12-03T08:04:46.621Z", "parking_end": "2018-12-03T08:05:18.842Z"}}, {"model": "mainModels.parkingevent", "pk": 87, "fields": {"spot": 72, "parking_start": "2018-12-03T08:04:46.639Z", "parking_end": "2018-12-03T08:05:18.869Z"}}, {"model": "mainModels.parkingevent", "pk": 88, "fields": {"spot": 73, "parking_start": "2018-12-03T08:04:46.649Z", "parking_end": "2018-12-03T08:05:18.891Z"}}, {"model": "mainModels.parkingevent", "pk": 89, "fields": {"spot": 74, "parking_start": "2018-12-03T08:04:46.659Z", "parking_end": "2018-12-03T08:05:18.910Z"}}, {"model": "mainModels.parkingevent", "pk": 90, "fields": {"spot": 75, "parking_start": "2018-12-03T08:04:46.668Z", "parking_end": "2018-12-03T08:05:18.930Z"}}, {"model": "mainModels.parkingevent", "pk": 91, "fields": {"spot": 76, "parking_start": "2018-12-03T08:04:46.678Z", "parking_end": "2018-12-03T08:05:18.948Z"}}, {"model": "mainModels.parkingevent", "pk": 92, "fields": {"spot": 71, "parking_start": "2018-12-03T08:05:51.129Z", "parking_end": "2018-12-03T08:06:29.668Z"}}, {"model": "mainModels.parkingevent", "pk": 93, "fields": {"spot": 72, "parking_start": "2018-12-03T08:05:51.138Z", "parking_end": "2018-12-03T08:06:29.695Z"}}, {"model": "mainModels.parkingevent", "pk": 94, "fields": {"spot": 73, "parking_start": "2018-12-03T08:05:51.150Z", "parking_end": "2018-12-03T08:06:29.719Z"}}, {"model": "mainModels.parkingevent", "pk": 95, "fields": {"spot": 74, "parking_start": "2018-12-03T08:05:51.159Z", "parking_end": "2018-12-03T08:06:29.744Z"}}, {"model": "mainModels.parkingevent", "pk": 96, "fields": {"spot": 75, "parking_start": "2018-12-03T08:05:51.171Z", "parking_end": "2018-12-03T08:06:29.782Z"}}, {"model": "mainModels.parkingevent", "pk": 97, "fields": {"spot": 76, "parking_start": "2018-12-03T08:05:51.181Z", "parking_end": "2018-12-03T08:06:29.801Z"}}, {"model": "mainModels.parkingevent", "pk": 98, "fields": {"spot": 71, "parking_start": "2018-12-03T08:07:05.489Z", "parking_end": "2018-12-03T08:07:38.430Z"}}, {"model": "mainModels.parkingevent", "pk": 99, "fields": {"spot": 72, "parking_start": "2018-12-03T08:07:05.499Z", "parking_end": "2018-12-03T08:07:38.448Z"}}, {"model": "mainModels.parkingevent", "pk": 100, "fields": {"spot": 73, "parking_start": "2018-12-03T08:07:05.512Z", "parking_end": "2018-12-03T08:07:38.467Z"}}, {"model": "mainModels.parkingevent", "pk": 101, "fields": {"spot": 74, "parking_start": "2018-12-03T08:07:05.521Z", "parking_end": "2018-12-03T08:07:38.483Z"}}, {"model": "mainModels.parkingevent", "pk": 102, "fields": {"spot": 75, "parking_start": "2018-12-03T08:07:05.534Z", "parking_end": "2018-12-03T08:07:38.501Z"}}, {"model": "mainModels.parkingevent", "pk": 103, "fields": {"spot": 76, "parking_start": "2018-12-03T08:07:05.542Z", "parking_end": "2018-12-03T08:07:38.518Z"}}, {"model": "mainModels.parkingevent", "pk": 104, "fields": {"spot": 107, "parking_start": "2018-12-03T08:39:31.214Z", "parking_end": "2018-12-03T08:41:02.411Z"}}, {"model": "mainModels.parkingevent", "pk": 105, "fields": {"spot": 108, "parking_start": "2018-12-03T08:39:31.237Z", "parking_end": "2018-12-03T08:41:02.431Z"}}, {"model": "mainModels.parkingevent", "pk": 106, "fields": {"spot": 109, "parking_start": "2018-12-03T08:39:31.253Z", "parking_end": "2018-12-03T08:41:02.450Z"}}, {"model": "mainModels.parkingevent", "pk": 107, "fields": {"spot": 110, "parking_start": "2018-12-03T08:39:31.262Z", "parking_end": "2018-12-03T08:41:02.466Z"}}, {"model": "mainModels.parkingevent", "pk": 108, "fields": {"spot": 111, "parking_start": "2018-12-03T08:39:31.273Z", "parking_end": "2018-12-03T08:41:02.482Z"}}, {"model": "mainModels.parkingevent", "pk": 109, "fields": {"spot": 112, "parking_start": "2018-12-03T08:39:31.281Z", "parking_end": "2018-12-03T08:41:02.497Z"}}, {"model": "mainModels.parkingevent", "pk": 110, "fields": {"spot": 107, "parking_start": "2018-12-03T08:41:34.813Z", "parking_end": "2018-12-03T08:42:07.499Z"}}, {"model": "mainModels.parkingevent", "pk": 111, "fields": {"spot": 108, "parking_start": "2018-12-03T08:41:34.827Z", "parking_end": "2018-12-03T08:42:07.516Z"}}, {"model": "mainModels.parkingevent", "pk": 112, "fields": {"spot": 109, "parking_start": "2018-12-03T08:41:34.840Z", "parking_end": "2018-12-03T08:42:07.537Z"}}, {"model": "mainModels.parkingevent", "pk": 113, "fields": {"spot": 110, "parking_start": "2018-12-03T08:41:34.853Z", "parking_end": "2018-12-03T08:42:07.553Z"}}, {"model": "mainModels.parkingevent", "pk": 114, "fields": {"spot": 111, "parking_start": "2018-12-03T08:41:34.863Z", "parking_end": "2018-12-03T08:42:07.573Z"}}, {"model": "mainModels.parkingevent", "pk": 115, "fields": {"spot": 112, "parking_start": "2018-12-03T08:41:34.872Z", "parking_end": "2018-12-03T08:42:07.590Z"}}, {"model": "mainModels.parkingevent", "pk": 116, "fields": {"spot": 107, "parking_start": "2018-12-03T08:42:40.373Z", "parking_end": "2018-12-03T08:43:14.562Z"}}, {"model": "mainModels.parkingevent", "pk": 117, "fields": {"spot": 108, "parking_start": "2018-12-03T08:42:40.385Z", "parking_end": "2018-12-03T08:43:14.584Z"}}, {"model": "mainModels.parkingevent", "pk": 118, "fields": {"spot": 109, "parking_start": "2018-12-03T08:42:40.399Z", "parking_end": "2018-12-03T08:43:14.612Z"}}, {"model": "mainModels.parkingevent", "pk": 119, "fields": {"spot": 110, "parking_start": "2018-12-03T08:42:40.412Z", "parking_end": "2018-12-03T08:43:14.633Z"}}, {"model": "mainModels.parkingevent", "pk": 120, "fields": {"spot": 111, "parking_start": "2018-12-03T08:42:40.427Z", "parking_end": "2018-12-03T08:43:14.651Z"}}, {"model": "mainModels.parkingevent", "pk": 121, "fields": {"spot": 112, "parking_start": "2018-12-03T08:42:40.441Z", "parking_end": "2018-12-03T08:43:14.668Z"}}, {"model": "mainModels.parkingevent", "pk": 122, "fields": {"spot": 107, "parking_start": "2018-12-03T08:43:47.503Z", "parking_end": "2018-12-03T08:44:20.927Z"}}, {"model": "mainModels.parkingevent", "pk": 123, "fields": {"spot": 108, "parking_start": "2018-12-03T08:43:47.517Z", "parking_end": "2018-12-03T08:44:20.952Z"}}, {"model": "mainModels.parkingevent", "pk": 124, "fields": {"spot": 109, "parking_start": "2018-12-03T08:43:47.533Z", "parking_end": "2018-12-03T08:44:20.974Z"}}, {"model": "mainModels.parkingevent", "pk": 125, "fields": {"spot": 110, "parking_start": "2018-12-03T08:43:47.552Z", "parking_end": "2018-12-03T08:44:20.993Z"}}, {"model": "mainModels.parkingevent", "pk": 126, "fields": {"spot": 111, "parking_start": "2018-12-03T08:43:47.564Z", "parking_end": "2018-12-03T08:44:21.014Z"}}, {"model": "mainModels.parkingevent", "pk": 127, "fields": {"spot": 112, "parking_start": "2018-12-03T08:43:47.576Z", "parking_end": "2018-12-03T08:44:21.033Z"}}, {"model": "mainModels.parkingevent", "pk": 128, "fields": {"spot": 107, "parking_start": "2018-12-03T08:44:54.149Z", "parking_end": "2018-12-03T08:45:29.792Z"}}, {"model": "mainModels.parkingevent", "pk": 129, "fields": {"spot": 108, "parking_start": "2018-12-03T08:44:54.163Z", "parking_end": "2018-12-03T08:45:29.811Z"}}, {"model": "mainModels.parkingevent", "pk": 130, "fields": {"spot": 109, "parking_start": "2018-12-03T08:44:54.178Z", "parking_end": "2018-12-03T08:45:29.830Z"}}, {"model": "mainModels.parkingevent", "pk": 131, "fields": {"spot": 110, "parking_start": "2018-12-03T08:44:54.192Z", "parking_end": "2018-12-03T08:45:29.847Z"}}, {"model": "mainModels.parkingevent", "pk": 132, "fields": {"spot": 111, "parking_start": "2018-12-03T08:44:54.211Z", "parking_end": "2018-12-03T08:45:29.862Z"}}, {"model": "mainModels.parkingevent", "pk": 133, "fields": {"spot": 112, "parking_start": "2018-12-03T08:44:54.228Z", "parking_end": "2018-12-03T08:45:29.876Z"}}, {"model": "mainModels.parkingevent", "pk": 134, "fields": {"spot": 130, "parking_start": "2018-12-03T08:50:24.831Z", "parking_end": "2018-12-03T08:52:35.243Z"}}, {"model": "mainModels.parkingevent", "pk": 135, "fields": {"spot": 125, "parking_start": "2018-12-03T08:50:24.767Z", "parking_end": "2018-12-03T08:53:08.431Z"}}, {"model": "mainModels.parkingevent", "pk": 136, "fields": {"spot": 130, "parking_start": "2018-12-03T08:54:15.033Z", "parking_end": "2018-12-03T08:55:58.379Z"}}, {"model": "mainModels.parkingevent", "pk": 137, "fields": {"spot": 130, "parking_start": "2018-12-03T08:56:33.565Z", "parking_end": "2018-12-03T08:57:16.070Z"}}, {"model": "mainModels.parkingevent", "pk": 138, "fields": {"spot": 128, "parking_start": "2018-12-03T08:50:24.810Z", "parking_end": "2018-12-03T08:58:30.757Z"}}, {"model": "mainModels.parkingevent", "pk": 139, "fields": {"spot": 136, "parking_start": "2018-12-03T09:09:18.802Z", "parking_end": "2018-12-03T09:12:14.094Z"}}, {"model": "mainModels.parkingevent", "pk": 140, "fields": {"spot": 131, "parking_start": "2018-12-03T09:09:18.757Z", "parking_end": "2018-12-03T09:13:24.782Z"}}, {"model": "mainModels.parkingevent", "pk": 141, "fields": {"spot": 133, "parking_start": "2018-12-03T09:12:14.083Z", "parking_end": "2018-12-03T09:13:24.819Z"}}, {"model": "mainModels.parkingevent", "pk": 142, "fields": {"spot": 136, "parking_start": "2018-12-03T09:12:47.315Z", "parking_end": "2018-12-03T09:13:24.847Z"}}, {"model": "mainModels.parkingevent", "pk": 143, "fields": {"spot": 136, "parking_start": "2018-12-03T09:14:32.496Z", "parking_end": "2018-12-03T09:20:45.981Z"}}, {"model": "mainModels.parkingevent", "pk": 144, "fields": {"spot": 136, "parking_start": "2018-12-03T09:21:24.183Z", "parking_end": "2018-12-03T09:22:01.519Z"}}, {"model": "mainModels.parkingevent", "pk": 145, "fields": {"spot": 148, "parking_start": "2018-12-03T09:27:14.920Z", "parking_end": "2018-12-03T09:27:50.522Z"}}, {"model": "mainModels.parkingevent", "pk": 146, "fields": {"spot": 163, "parking_start": "2018-12-03T09:38:15.101Z", "parking_end": "2018-12-03T09:39:51.444Z"}}, {"model": "mainModels.parkingevent", "pk": 147, "fields": {"spot": 161, "parking_start": "2018-12-03T09:38:15.089Z", "parking_end": "2018-12-03T09:41:57.904Z"}}, {"model": "mainModels.parkingevent", "pk": 148, "fields": {"spot": 163, "parking_start": "2018-12-03T09:40:22.751Z", "parking_end": "2018-12-03T09:42:30.111Z"}}, {"model": "mainModels.parkingevent", "pk": 149, "fields": {"spot": 163, "parking_start": "2018-12-03T09:43:02.072Z", "parking_end": "2018-12-03T09:44:38.183Z"}}, {"model": "mainModels.parkingevent", "pk": 150, "fields": {"spot": 163, "parking_start": "2018-12-03T09:45:40.865Z", "parking_end": "2018-12-03T09:47:16.211Z"}}, {"model": "mainModels.parkingevent", "pk": 151, "fields": {"spot": 162, "parking_start": "2018-12-03T09:41:57.922Z", "parking_end": "2018-12-03T11:23:45.169Z"}}, {"model": "mainModels.parkingevent", "pk": 152, "fields": {"spot": 166, "parking_start": "2018-12-03T09:41:57.944Z", "parking_end": "2018-12-03T11:26:22.311Z"}}, {"model": "mainModels.parkingevent", "pk": 153, "fields": {"spot": 164, "parking_start": "2018-12-03T11:29:58.497Z", "parking_end": "2018-12-03T11:30:49.069Z"}}, {"model": "mainModels.parkingevent", "pk": 154, "fields": {"spot": 161, "parking_start": "2018-12-03T11:23:45.155Z", "parking_end": "2018-12-03T11:50:32.695Z"}}, {"model": "mainModels.parkingevent", "pk": 155, "fields": {"spot": 163, "parking_start": "2018-12-03T09:47:48.074Z", "parking_end": "2018-12-03T11:50:32.714Z"}}, {"model": "mainModels.parkingevent", "pk": 156, "fields": {"spot": 165, "parking_start": "2018-12-03T09:38:15.114Z", "parking_end": "2018-12-03T11:50:32.732Z"}}, {"model": "mainModels.parkingevent", "pk": 157, "fields": {"spot": 165, "parking_start": "2018-12-03T12:19:27.078Z", "parking_end": "2018-12-03T12:19:52.263Z"}}, {"model": "mainModels.parkingevent", "pk": 158, "fields": {"spot": 165, "parking_start": "2018-12-03T12:20:18.339Z", "parking_end": "2018-12-03T12:21:09.877Z"}}, {"model": "mainModels.parkingevent", "pk": 159, "fields": {"spot": 165, "parking_start": "2018-12-03T12:21:35.580Z", "parking_end": "2018-12-03T12:23:17.984Z"}}, {"model": "mainModels.parkingevent", "pk": 160, "fields": {"spot": 165, "parking_start": "2018-12-03T12:24:35.194Z", "parking_end": "2018-12-03T12:25:00.552Z"}}, {"model": "mainModels.parkingevent", "pk": 161, "fields": {"spot": 165, "parking_start": "2018-12-03T12:25:27.614Z", "parking_end": "2018-12-03T12:25:53.324Z"}}, {"model": "mainModels.parkingevent", "pk": 162, "fields": {"spot": 165, "parking_start": "2018-12-03T12:26:19.229Z", "parking_end": "2018-12-03T12:26:44.929Z"}}, {"model": "mainModels.parkingevent", "pk": 163, "fields": {"spot": 165, "parking_start": "2018-12-03T12:27:10.635Z", "parking_end": "2018-12-03T12:28:02.452Z"}}, {"model": "mainModels.parkingevent", "pk": 164, "fields": {"spot": 165, "parking_start": "2018-12-03T12:28:27.887Z", "parking_end": "2018-12-03T12:28:53.755Z"}}, {"model": "mainModels.parkingevent", "pk": 165, "fields": {"spot": 162, "parking_start": "2018-12-03T13:16:59.918Z", "parking_end": "2018-12-03T13:18:17.824Z"}}, {"model": "mainModels.parkingevent", "pk": 166, "fields": {"spot": 162, "parking_start": "2018-12-03T13:18:43.860Z", "parking_end": "2018-12-03T13:20:01.414Z"}}, {"model": "mainModels.parkingevent", "pk": 167, "fields": {"spot": 162, "parking_start": "2018-12-03T13:20:53.532Z", "parking_end": "2018-12-03T13:23:04.316Z"}}, {"model": "mainModels.parkingevent", "pk": 168, "fields": {"spot": 166, "parking_start": "2018-12-03T13:16:08.206Z", "parking_end": "2018-12-03T13:55:29.026Z"}}, {"model": "mainModels.parkingevent", "pk": 169, "fields": {"spot": 162, "parking_start": "2018-12-03T13:23:30.444Z", "parking_end": "2018-12-03T13:57:38.809Z"}}, {"model": "mainModels.parkingevent", "pk": 170, "fields": {"spot": 164, "parking_start": "2018-12-03T12:50:41.847Z", "parking_end": "2018-12-03T14:34:21.289Z"}}, {"model": "mainModels.parkingevent", "pk": 171, "fields": {"spot": 164, "parking_start": "2018-12-03T14:34:47.986Z", "parking_end": "2018-12-03T14:35:15.049Z"}}, {"model": "mainModels.parkingevent", "pk": 172, "fields": {"spot": 166, "parking_start": "2018-12-03T14:34:48.002Z", "parking_end": "2018-12-03T14:38:17.109Z"}}, {"model": "mainModels.parkingevent", "pk": 173, "fields": {"spot": 166, "parking_start": "2018-12-03T14:38:43.253Z", "parking_end": "2018-12-03T14:39:35.596Z"}}, {"model": "mainModels.parkingevent", "pk": 174, "fields": {"spot": 166, "parking_start": "2018-12-03T14:40:28.076Z", "parking_end": "2018-12-03T14:40:54.391Z"}}, {"model": "mainModels.parkingevent", "pk": 175, "fields": {"spot": 164, "parking_start": "2018-12-03T14:35:40.932Z", "parking_end": "2018-12-03T14:42:12.630Z"}}, {"model": "mainModels.parkingevent", "pk": 176, "fields": {"spot": 166, "parking_start": "2018-12-03T14:42:12.672Z", "parking_end": "2018-12-03T14:43:05.380Z"}}, {"model": "mainModels.parkingevent", "pk": 177, "fields": {"spot": 166, "parking_start": "2018-12-03T14:43:31.478Z", "parking_end": "2018-12-03T14:43:57.487Z"}}, {"model": "mainModels.parkingevent", "pk": 178, "fields": {"spot": 166, "parking_start": "2018-12-03T14:44:31.484Z", "parking_end": "2018-12-03T14:46:42.149Z"}}, {"model": "mainModels.parkingevent", "pk": 179, "fields": {"spot": 166, "parking_start": "2018-12-03T14:48:52.071Z", "parking_end": "2018-12-03T14:49:44.432Z"}}, {"model": "mainModels.parkingevent", "pk": 180, "fields": {"spot": 164, "parking_start": "2018-12-03T14:42:38.941Z", "parking_end": "2018-12-03T15:02:16.642Z"}}, {"model": "mainModels.parkingevent", "pk": 181, "fields": {"spot": 164, "parking_start": "2018-12-03T15:02:43.068Z", "parking_end": "2018-12-03T15:03:09.081Z"}}, {"model": "mainModels.parkingevent", "pk": 182, "fields": {"spot": 166, "parking_start": "2018-12-03T14:50:10.901Z", "parking_end": "2018-12-03T15:03:35.400Z"}}, {"model": "mainModels.parkingevent", "pk": 183, "fields": {"spot": 161, "parking_start": "2018-12-03T12:50:41.807Z", "parking_end": "2018-12-03T17:50:47.632Z"}}, {"model": "mainModels.parkingevent", "pk": 184, "fields": {"spot": 162, "parking_start": "2018-12-03T14:34:21.271Z", "parking_end": "2018-12-03T17:50:47.649Z"}}, {"model": "mainModels.parkingevent", "pk": 185, "fields": {"spot": 163, "parking_start": "2018-12-03T12:50:41.832Z", "parking_end": "2018-12-03T17:50:47.669Z"}}, {"model": "mainModels.parkingevent", "pk": 186, "fields": {"spot": 164, "parking_start": "2018-12-03T15:05:20.163Z", "parking_end": "2018-12-03T17:50:47.690Z"}}, {"model": "mainModels.parkingevent", "pk": 187, "fields": {"spot": 166, "parking_start": "2018-12-03T15:04:53.578Z", "parking_end": "2018-12-03T17:50:47.714Z"}}, {"model": "mainModels.parkingevent", "pk": 188, "fields": {"spot": 165, "parking_start": "2018-12-03T12:29:19.873Z", "parking_end": "2018-12-03T17:58:05.307Z"}}, {"model": "mainModels.imagecoordinates", "pk": 1, "fields": {"left": 1118, "top": 62, "right": 1599, "bottom": 306}}, {"model": "mainModels.imagecoordinates", "pk": 2, "fields": {"left": 456, "top": 366, "right": 984, "bottom": 570}}, {"model": "mainModels.imagecoordinates", "pk": 3, "fields": {"left": 1061, "top": 393, "right": 1619, "bottom": 633}}, {"model": "mainModels.imagecoordinates", "pk": 4, "fields": {"left": 903, "top": 760, "right": 1473, "bottom": 1002}}, {"model": "mainModels.imagecoordinates", "pk": 5, "fields": {"left": 321, "top": 15, "right": 901, "bottom": 306}}, {"model": "mainModels.imagecoordinates", "pk": 6, "fields": {"left": 317, "top": 627, "right": 946, "bottom": 920}}, {"model": "mainModels.imagecoordinates", "pk": 7, "fields": {"left": 1094, "top": 22, "right": 1595, "bottom": 255}}, {"model": "mainModels.imagecoordinates", "pk": 8, "fields": {"left": 408, "top": 20, "right": 963, "bottom": 302}}, {"model": "mainModels.imagecoordinates", "pk": 9, "fields": {"left": 1092, "top": 334, "right": 1652, "bottom": 591}}, {"model": "mainModels.imagecoordinates", "pk": 10, "fields": {"left": 469, "top": 384, "right": 985, "bottom": 587}}, {"model": "mainModels.imagecoordinates", "pk": 11, "fields": {"left": 419, "top": 723, "right": 988, "bottom": 921}}, {"model": "mainModels.imagecoordinates", "pk": 12, "fields": {"left": 1094, "top": 715, "right": 1733, "bottom": 952}}, {"model": "mainModels.imagecoordinates", "pk": 13, "fields": {"left": 405, "top": 683, "right": 986, "bottom": 887}}, {"model": "mainModels.imagecoordinates", "pk": 14, "fields": {"left": 1113, "top": 675, "right": 1743, "bottom": 908}}, {"model": "mainModels.imagecoordinates", "pk": 15, "fields": {"left": 1094, "top": 22, "right": 1595, "bottom": 255}}, {"model": "mainModels.imagecoordinates", "pk": 16, "fields": {"left": 408, "top": 20, "right": 963, "bottom": 302}}, {"model": "mainModels.imagecoordinates", "pk": 17, "fields": {"left": 1092, "top": 334, "right": 1652, "bottom": 591}}, {"model": "mainModels.imagecoordinates", "pk": 18, "fields": {"left": 469, "top": 384, "right": 985, "bottom": 587}}, {"model": "mainModels.imagecoordinates", "pk": 19, "fields": {"left": 419, "top": 723, "right": 988, "bottom": 921}}, {"model": "mainModels.imagecoordinates", "pk": 20, "fields": {"left": 1094, "top": 715, "right": 1733, "bottom": 952}}, {"model": "mainModels.imagecoordinates", "pk": 21, "fields": {"left": 405, "top": 683, "right": 986, "bottom": 887}}, {"model": "mainModels.imagecoordinates", "pk": 22, "fields": {"left": 1113, "top": 675, "right": 1743, "bottom": 908}}, {"model": "mainModels.imagecoordinates", "pk": 23, "fields": {"left": 1094, "top": 22, "right": 1595, "bottom": 255}}, {"model": "mainModels.imagecoordinates", "pk": 24, "fields": {"left": 408, "top": 20, "right": 963, "bottom": 302}}, {"model": "mainModels.imagecoordinates", "pk": 25, "fields": {"left": 1092, "top": 334, "right": 1652, "bottom": 591}}, {"model": "mainModels.imagecoordinates", "pk": 26, "fields": {"left": 469, "top": 384, "right": 985, "bottom": 587}}, {"model": "mainModels.imagecoordinates", "pk": 27, "fields": {"left": 419, "top": 723, "right": 988, "bottom": 921}}, {"model": "mainModels.imagecoordinates", "pk": 28, "fields": {"left": 1094, "top": 715, "right": 1733, "bottom": 952}}, {"model": "mainModels.imagecoordinates", "pk": 29, "fields": {"left": 405, "top": 683, "right": 986, "bottom": 887}}, {"model": "mainModels.imagecoordinates", "pk": 30, "fields": {"left": 1113, "top": 675, "right": 1743, "bottom": 908}}, {"model": "mainModels.imagecoordinates", "pk": 31, "fields": {"left": 1094, "top": 22, "right": 1595, "bottom": 255}}, {"model": "mainModels.imagecoordinates", "pk": 32, "fields": {"left": 408, "top": 20, "right": 963, "bottom": 302}}, {"model": "mainModels.imagecoordinates", "pk": 33, "fields": {"left": 1092, "top": 334, "right": 1652, "bottom": 591}}, {"model": "mainModels.imagecoordinates", "pk": 34, "fields": {"left": 469, "top": 384, "right": 985, "bottom": 587}}, {"model": "mainModels.imagecoordinates", "pk": 35, "fields": {"left": 419, "top": 723, "right": 988, "bottom": 921}}, {"model": "mainModels.imagecoordinates", "pk": 36, "fields": {"left": 1094, "top": 715, "right": 1733, "bottom": 952}}, {"model": "mainModels.imagecoordinates", "pk": 37, "fields": {"left": 405, "top": 683, "right": 986, "bottom": 887}}, {"model": "mainModels.imagecoordinates", "pk": 38, "fields": {"left": 1113, "top": 675, "right": 1743, "bottom": 908}}, {"model": "mainModels.imagecoordinates", "pk": 39, "fields": {"left": 1094, "top": 22, "right": 1595, "bottom": 255}}, {"model": "mainModels.imagecoordinates", "pk": 40, "fields": {"left": 408, "top": 20, "right": 963, "bottom": 302}}, {"model": "mainModels.imagecoordinates", "pk": 41, "fields": {"left": 1092, "top": 334, "right": 1652, "bottom": 591}}, {"model": "mainModels.imagecoordinates", "pk": 42, "fields": {"left": 469, "top": 384, "right": 985, "bottom": 587}}, {"model": "mainModels.imagecoordinates", "pk": 43, "fields": {"left": 419, "top": 723, "right": 988, "bottom": 921}}, {"model": "mainModels.imagecoordinates", "pk": 44, "fields": {"left": 1094, "top": 715, "right": 1733, "bottom": 952}}, {"model": "mainModels.imagecoordinates", "pk": 45, "fields": {"left": 405, "top": 683, "right": 986, "bottom": 887}}, {"model": "mainModels.imagecoordinates", "pk": 46, "fields": {"left": 1113, "top": 675, "right": 1743, "bottom": 908}}, {"model": "mainModels.imagecoordinates", "pk": 47, "fields": {"left": 1094, "top": 22, "right": 1595, "bottom": 255}}, {"model": "mainModels.imagecoordinates", "pk": 48, "fields": {"left": 408, "top": 20, "right": 963, "bottom": 302}}, {"model": "mainModels.imagecoordinates", "pk": 49, "fields": {"left": 1092, "top": 334, "right": 1652, "bottom": 591}}, {"model": "mainModels.imagecoordinates", "pk": 50, "fields": {"left": 469, "top": 384, "right": 985, "bottom": 587}}, {"model": "mainModels.imagecoordinates", "pk": 51, "fields": {"left": 419, "top": 723, "right": 988, "bottom": 921}}, {"model": "mainModels.imagecoordinates", "pk": 52, "fields": {"left": 1094, "top": 715, "right": 1733, "bottom": 952}}, {"model": "mainModels.imagecoordinates", "pk": 53, "fields": {"left": 1094, "top": 22, "right": 1595, "bottom": 255}}, {"model": "mainModels.imagecoordinates", "pk": 54, "fields": {"left": 408, "top": 20, "right": 963, "bottom": 302}}, {"model": "mainModels.imagecoordinates", "pk": 55, "fields": {"left": 1092, "top": 334, "right": 1652, "bottom": 591}}, {"model": "mainModels.imagecoordinates", "pk": 56, "fields": {"left": 469, "top": 384, "right": 985, "bottom": 587}}, {"model": "mainModels.imagecoordinates", "pk": 57, "fields": {"left": 419, "top": 723, "right": 988, "bottom": 921}}, {"model": "mainModels.imagecoordinates", "pk": 58, "fields": {"left": 1094, "top": 715, "right": 1733, "bottom": 952}}, {"model": "mainModels.imagecoordinates", "pk": 59, "fields": {"left": 1094, "top": 22, "right": 1595, "bottom": 255}}, {"model": "mainModels.imagecoordinates", "pk": 60, "fields": {"left": 408, "top": 20, "right": 963, "bottom": 302}}, {"model": "mainModels.imagecoordinates", "pk": 61, "fields": {"left": 1092, "top": 334, "right": 1652, "bottom": 591}}, {"model": "mainModels.imagecoordinates", "pk": 62, "fields": {"left": 469, "top": 384, "right": 985, "bottom": 587}}, {"model": "mainModels.imagecoordinates", "pk": 63, "fields": {"left": 419, "top": 723, "right": 988, "bottom": 921}}, {"model": "mainModels.imagecoordinates", "pk": 64, "fields": {"left": 1094, "top": 715, "right": 1733, "bottom": 952}}, {"model": "mainModels.imagecoordinates", "pk": 65, "fields": {"left": 1094, "top": 22, "right": 1595, "bottom": 255}}, {"model": "mainModels.imagecoordinates", "pk": 66, "fields": {"left": 408, "top": 20, "right": 963, "bottom": 302}}, {"model": "mainModels.imagecoordinates", "pk": 67, "fields": {"left": 1092, "top": 334, "right": 1652, "bottom": 591}}, {"model": "mainModels.imagecoordinates", "pk": 68, "fields": {"left": 469, "top": 384, "right": 985, "bottom": 587}}, {"model": "mainModels.imagecoordinates", "pk": 69, "fields": {"left": 419, "top": 723, "right": 988, "bottom": 921}}, {"model": "mainModels.imagecoordinates", "pk": 70, "fields": {"left": 1094, "top": 715, "right": 1733, "bottom": 952}}, {"model": "mainModels.imagecoordinates", "pk": 71, "fields": {"left": 1094, "top": 22, "right": 1595, "bottom": 255}}, {"model": "mainModels.imagecoordinates", "pk": 72, "fields": {"left": 408, "top": 20, "right": 963, "bottom": 302}}, {"model": "mainModels.imagecoordinates", "pk": 73, "fields": {"left": 1092, "top": 334, "right": 1652, "bottom": 591}}, {"model": "mainModels.imagecoordinates", "pk": 74, "fields": {"left": 469, "top": 384, "right": 985, "bottom": 587}}, {"model": "mainModels.imagecoordinates", "pk": 75, "fields": {"left": 419, "top": 723, "right": 988, "bottom": 921}}, {"model": "mainModels.imagecoordinates", "pk": 76, "fields": {"left": 1094, "top": 715, "right": 1733, "bottom": 952}}, {"model": "mainModels.imagecoordinates", "pk": 77, "fields": {"left": 1094, "top": 22, "right": 1595, "bottom": 255}}, {"model": "mainModels.imagecoordinates", "pk": 78, "fields": {"left": 408, "top": 20, "right": 963, "bottom": 302}}, {"model": "mainModels.imagecoordinates", "pk": 79, "fields": {"left": 1092, "top": 334, "right": 1652, "bottom": 591}}, {"model": "mainModels.imagecoordinates", "pk": 80, "fields": {"left": 469, "top": 384, "right": 985, "bottom": 587}}, {"model": "mainModels.imagecoordinates", "pk": 81, "fields": {"left": 419, "top": 723, "right": 988, "bottom": 921}}, {"model": "mainModels.imagecoordinates", "pk": 82, "fields": {"left": 1094, "top": 715, "right": 1733, "bottom": 952}}, {"model": "mainModels.imagecoordinates", "pk": 83, "fields": {"left": 1094, "top": 22, "right": 1595, "bottom": 255}}, {"model": "mainModels.imagecoordinates", "pk": 84, "fields": {"left": 408, "top": 20, "right": 963, "bottom": 302}}, {"model": "mainModels.imagecoordinates", "pk": 85, "fields": {"left": 1092, "top": 334, "right": 1652, "bottom": 591}}, {"model": "mainModels.imagecoordinates", "pk": 86, "fields": {"left": 469, "top": 384, "right": 985, "bottom": 587}}, {"model": "mainModels.imagecoordinates", "pk": 87, "fields": {"left": 419, "top": 723, "right": 988, "bottom": 921}}, {"model": "mainModels.imagecoordinates", "pk": 88, "fields": {"left": 1094, "top": 715, "right": 1733, "bottom": 952}}, {"model": "mainModels.imagecoordinates", "pk": 89, "fields": {"left": 1094, "top": 22, "right": 1595, "bottom": 255}}, {"model": "mainModels.imagecoordinates", "pk": 90, "fields": {"left": 408, "top": 20, "right": 963, "bottom": 302}}, {"model": "mainModels.imagecoordinates", "pk": 91, "fields": {"left": 1092, "top": 334, "right": 1652, "bottom": 591}}, {"model": "mainModels.imagecoordinates", "pk": 92, "fields": {"left": 469, "top": 384, "right": 985, "bottom": 587}}, {"model": "mainModels.imagecoordinates", "pk": 93, "fields": {"left": 419, "top": 723, "right": 988, "bottom": 921}}, {"model": "mainModels.imagecoordinates", "pk": 94, "fields": {"left": 1094, "top": 715, "right": 1733, "bottom": 952}}, {"model": "mainModels.imagecoordinates", "pk": 95, "fields": {"left": 1094, "top": 22, "right": 1595, "bottom": 255}}, {"model": "mainModels.imagecoordinates", "pk": 96, "fields": {"left": 408, "top": 20, "right": 963, "bottom": 302}}, {"model": "mainModels.imagecoordinates", "pk": 97, "fields": {"left": 1092, "top": 334, "right": 1652, "bottom": 591}}, {"model": "mainModels.imagecoordinates", "pk": 98, "fields": {"left": 469, "top": 384, "right": 985, "bottom": 587}}, {"model": "mainModels.imagecoordinates", "pk": 99, "fields": {"left": 419, "top": 723, "right": 988, "bottom": 921}}, {"model": "mainModels.imagecoordinates", "pk": 100, "fields": {"left": 1094, "top": 715, "right": 1733, "bottom": 952}}, {"model": "mainModels.imagecoordinates", "pk": 101, "fields": {"left": 1094, "top": 22, "right": 1595, "bottom": 255}}, {"model": "mainModels.imagecoordinates", "pk": 102, "fields": {"left": 408, "top": 20, "right": 963, "bottom": 302}}, {"model": "mainModels.imagecoordinates", "pk": 103, "fields": {"left": 1092, "top": 334, "right": 1652, "bottom": 591}}, {"model": "mainModels.imagecoordinates", "pk": 104, "fields": {"left": 469, "top": 384, "right": 985, "bottom": 587}}, {"model": "mainModels.imagecoordinates", "pk": 105, "fields": {"left": 419, "top": 723, "right": 988, "bottom": 921}}, {"model": "mainModels.imagecoordinates", "pk": 106, "fields": {"left": 1094, "top": 715, "right": 1733, "bottom": 952}}, {"model": "mainModels.imagecoordinates", "pk": 107, "fields": {"left": 1094, "top": 22, "right": 1595, "bottom": 255}}, {"model": "mainModels.imagecoordinates", "pk": 108, "fields": {"left": 408, "top": 20, "right": 963, "bottom": 302}}, {"model": "mainModels.imagecoordinates", "pk": 109, "fields": {"left": 1092, "top": 334, "right": 1652, "bottom": 591}}, {"model": "mainModels.imagecoordinates", "pk": 110, "fields": {"left": 469, "top": 384, "right": 985, "bottom": 587}}, {"model": "mainModels.imagecoordinates", "pk": 111, "fields": {"left": 419, "top": 723, "right": 988, "bottom": 921}}, {"model": "mainModels.imagecoordinates", "pk": 112, "fields": {"left": 1094, "top": 715, "right": 1733, "bottom": 952}}, {"model": "mainModels.imagecoordinates", "pk": 113, "fields": {"left": 1094, "top": 22, "right": 1595, "bottom": 255}}, {"model": "mainModels.imagecoordinates", "pk": 114, "fields": {"left": 408, "top": 20, "right": 963, "bottom": 302}}, {"model": "mainModels.imagecoordinates", "pk": 115, "fields": {"left": 1092, "top": 334, "right": 1652, "bottom": 591}}, {"model": "mainModels.imagecoordinates", "pk": 116, "fields": {"left": 469, "top": 384, "right": 985, "bottom": 587}}, {"model": "mainModels.imagecoordinates", "pk": 117, "fields": {"left": 419, "top": 723, "right": 988, "bottom": 921}}, {"model": "mainModels.imagecoordinates", "pk": 118, "fields": {"left": 1094, "top": 715, "right": 1733, "bottom": 952}}, {"model": "mainModels.imagecoordinates", "pk": 119, "fields": {"left": 1094, "top": 22, "right": 1595, "bottom": 255}}, {"model": "mainModels.imagecoordinates", "pk": 120, "fields": {"left": 408, "top": 20, "right": 963, "bottom": 302}}, {"model": "mainModels.imagecoordinates", "pk": 121, "fields": {"left": 1092, "top": 334, "right": 1652, "bottom": 591}}, {"model": "mainModels.imagecoordinates", "pk": 122, "fields": {"left": 469, "top": 384, "right": 985, "bottom": 587}}, {"model": "mainModels.imagecoordinates", "pk": 123, "fields": {"left": 419, "top": 723, "right": 988, "bottom": 921}}, {"model": "mainModels.imagecoordinates", "pk": 124, "fields": {"left": 1094, "top": 715, "right": 1733, "bottom": 952}}, {"model": "mainModels.imagecoordinates", "pk": 125, "fields": {"left": 1094, "top": 22, "right": 1595, "bottom": 255}}, {"model": "mainModels.imagecoordinates", "pk": 126, "fields": {"left": 408, "top": 20, "right": 963, "bottom": 302}}, {"model": "mainModels.imagecoordinates", "pk": 127, "fields": {"left": 1092, "top": 334, "right": 1652, "bottom": 591}}, {"model": "mainModels.imagecoordinates", "pk": 128, "fields": {"left": 469, "top": 384, "right": 985, "bottom": 587}}, {"model": "mainModels.imagecoordinates", "pk": 129, "fields": {"left": 419, "top": 723, "right": 988, "bottom": 921}}, {"model": "mainModels.imagecoordinates", "pk": 130, "fields": {"left": 1094, "top": 715, "right": 1733, "bottom": 952}}, {"model": "mainModels.imagecoordinates", "pk": 131, "fields": {"left": 1094, "top": 22, "right": 1595, "bottom": 255}}, {"model": "mainModels.imagecoordinates", "pk": 132, "fields": {"left": 408, "top": 20, "right": 963, "bottom": 302}}, {"model": "mainModels.imagecoordinates", "pk": 133, "fields": {"left": 1092, "top": 334, "right": 1652, "bottom": 591}}, {"model": "mainModels.imagecoordinates", "pk": 134, "fields": {"left": 469, "top": 384, "right": 985, "bottom": 587}}, {"model": "mainModels.imagecoordinates", "pk": 135, "fields": {"left": 419, "top": 723, "right": 988, "bottom": 921}}, {"model": "mainModels.imagecoordinates", "pk": 136, "fields": {"left": 1094, "top": 715, "right": 1733, "bottom": 952}}, {"model": "mainModels.imagecoordinates", "pk": 137, "fields": {"left": 1094, "top": 22, "right": 1595, "bottom": 255}}, {"model": "mainModels.imagecoordinates", "pk": 138, "fields": {"left": 408, "top": 20, "right": 963, "bottom": 302}}, {"model": "mainModels.imagecoordinates", "pk": 139, "fields": {"left": 1092, "top": 334, "right": 1652, "bottom": 591}}, {"model": "mainModels.imagecoordinates", "pk": 140, "fields": {"left": 469, "top": 384, "right": 985, "bottom": 587}}, {"model": "mainModels.imagecoordinates", "pk": 141, "fields": {"left": 419, "top": 723, "right": 988, "bottom": 921}}, {"model": "mainModels.imagecoordinates", "pk": 142, "fields": {"left": 1094, "top": 715, "right": 1733, "bottom": 952}}, {"model": "mainModels.imagecoordinates", "pk": 143, "fields": {"left": 1094, "top": 22, "right": 1595, "bottom": 255}}, {"model": "mainModels.imagecoordinates", "pk": 144, "fields": {"left": 408, "top": 20, "right": 963, "bottom": 302}}, {"model": "mainModels.imagecoordinates", "pk": 145, "fields": {"left": 1092, "top": 334, "right": 1652, "bottom": 591}}, {"model": "mainModels.imagecoordinates", "pk": 146, "fields": {"left": 469, "top": 384, "right": 985, "bottom": 587}}, {"model": "mainModels.imagecoordinates", "pk": 147, "fields": {"left": 419, "top": 723, "right": 988, "bottom": 921}}, {"model": "mainModels.imagecoordinates", "pk": 148, "fields": {"left": 1094, "top": 715, "right": 1733, "bottom": 952}}, {"model": "mainModels.imagecoordinates", "pk": 149, "fields": {"left": 1094, "top": 22, "right": 1595, "bottom": 255}}, {"model": "mainModels.imagecoordinates", "pk": 150, "fields": {"left": 408, "top": 20, "right": 963, "bottom": 302}}, {"model": "mainModels.imagecoordinates", "pk": 151, "fields": {"left": 1092, "top": 334, "right": 1652, "bottom": 591}}, {"model": "mainModels.imagecoordinates", "pk": 152, "fields": {"left": 469, "top": 384, "right": 985, "bottom": 587}}, {"model": "mainModels.imagecoordinates", "pk": 153, "fields": {"left": 419, "top": 723, "right": 988, "bottom": 921}}, {"model": "mainModels.imagecoordinates", "pk": 154, "fields": {"left": 1094, "top": 715, "right": 1733, "bottom": 952}}, {"model": "mainModels.imagecoordinates", "pk": 155, "fields": {"left": 1094, "top": 22, "right": 1595, "bottom": 255}}, {"model": "mainModels.imagecoordinates", "pk": 156, "fields": {"left": 408, "top": 20, "right": 963, "bottom": 302}}, {"model": "mainModels.imagecoordinates", "pk": 157, "fields": {"left": 1092, "top": 334, "right": 1652, "bottom": 591}}, {"model": "mainModels.imagecoordinates", "pk": 158, "fields": {"left": 469, "top": 384, "right": 985, "bottom": 587}}, {"model": "mainModels.imagecoordinates", "pk": 159, "fields": {"left": 419, "top": 723, "right": 988, "bottom": 921}}, {"model": "mainModels.imagecoordinates", "pk": 160, "fields": {"left": 1094, "top": 715, "right": 1733, "bottom": 952}}, {"model": "mainModels.imagecoordinates", "pk": 161, "fields": {"left": 1094, "top": 22, "right": 1595, "bottom": 255}}, {"model": "mainModels.imagecoordinates", "pk": 162, "fields": {"left": 408, "top": 20, "right": 963, "bottom": 302}}, {"model": "mainModels.imagecoordinates", "pk": 163, "fields": {"left": 1092, "top": 334, "right": 1652, "bottom": 591}}, {"model": "mainModels.imagecoordinates", "pk": 164, "fields": {"left": 469, "top": 384, "right": 985, "bottom": 587}}, {"model": "mainModels.imagecoordinates", "pk": 165, "fields": {"left": 419, "top": 723, "right": 988, "bottom": 921}}, {"model": "mainModels.imagecoordinates", "pk": 166, "fields": {"left": 1094, "top": 715, "right": 1733, "bottom": 952}}, {"model": "mainModels.imagecoordinates", "pk": 167, "fields": {"left": 1057, "top": 151, "right": 1494, "bottom": 364}}, {"model": "mainModels.imagecoordinates", "pk": 168, "fields": {"left": 923, "top": 482, "right": 1413, "bottom": 689}}, {"model": "mainModels.imagecoordinates", "pk": 169, "fields": {"left": 406, "top": 835, "right": 912, "bottom": 1008}}, {"model": "mainModels.imagecoordinates", "pk": 170, "fields": {"left": 1024, "top": 794, "right": 1549, "bottom": 993}}, {"model": "mainModels.imagecoordinates", "pk": 171, "fields": {"left": 1057, "top": 151, "right": 1494, "bottom": 364}}, {"model": "mainModels.imagecoordinates", "pk": 172, "fields": {"left": 923, "top": 482, "right": 1413, "bottom": 689}}, {"model": "mainModels.imagecoordinates", "pk": 173, "fields": {"left": 406, "top": 835, "right": 912, "bottom": 1008}}, {"model": "mainModels.imagecoordinates", "pk": 174, "fields": {"left": 1024, "top": 794, "right": 1549, "bottom": 993}}, {"model": "mainModels.imagecoordinates", "pk": 175, "fields": {"left": 416, "top": 148, "right": 906, "bottom": 389}}, {"model": "mainModels.imagecoordinates", "pk": 176, "fields": {"left": 1061, "top": 158, "right": 1499, "bottom": 365}}, {"model": "mainModels.imagecoordinates", "pk": 177, "fields": {"left": 463, "top": 468, "right": 961, "bottom": 662}}, {"model": "mainModels.imagecoordinates", "pk": 178, "fields": {"left": 965, "top": 489, "right": 1446, "bottom": 694}}, {"model": "mainModels.imagecoordinates", "pk": 179, "fields": {"left": 1021, "top": 797, "right": 1537, "bottom": 1002}}, {"model": "mainModels.imagecoordinates", "pk": 180, "fields": {"left": 395, "top": 840, "right": 909, "bottom": 1019}}, {"model": "mainModels.sectorspot", "pk": 175, "fields": {"sector": 1, "spot": 175, "image_coordinates": 175}}, {"model": "mainModels.sectorspot", "pk": 176, "fields": {"sector": 1, "spot": 176, "image_coordinates": 176}}, {"model": "mainModels.sectorspot", "pk": 177, "fields": {"sector": 1, "spot": 177, "image_coordinates": 177}}, {"model": "mainModels.sectorspot", "pk": 178, "fields": {"sector": 1, "spot": 178, "image_coordinates": 178}}, {"model": "mainModels.sectorspot", "pk": 179, "fields": {"sector": 1, "spot": 179, "image_coordinates": 179}}, {"model": "mainModels.sectorspot", "pk": 180, "fields": {"sector": 1, "spot": 180, "image_coordinates": 180}}, {"model": "mainModels.image", "pk": 1, "fields": {"sector": 1, "photo": "image0_Tu3gB1n.jpg", "time_taken": "2018-07-03T01:01:21.016Z"}}, {"model": "mainModels.image", "pk": 2, "fields": {"sector": 1, "photo": "image0_6YyXN5B.jpg", "time_taken": "2018-07-03T01:02:11.406Z"}}, {"model": "mainModels.image", "pk": 3, "fields": {"sector": 1, "photo": "image0_oupFyoV.jpg", "time_taken": "2018-07-03T01:02:59.950Z"}}, {"model": "mainModels.image", "pk": 4, "fields": {"sector": 1, "photo": "image0_WojqkSn.jpg", "time_taken": "2018-07-03T01:03:49.255Z"}}, {"model": "mainModels.image", "pk": 5, "fields": {"sector": 1, "photo": "image0_LQZl9py.jpg", "time_taken": "2018-07-03T01:04:38.722Z"}}, {"model": "mainModels.image", "pk": 6, "fields": {"sector": 1, "photo": "image0_MuRU1Bv.jpg", "time_taken": "2018-07-03T01:05:20.797Z"}}, {"model": "mainModels.image", "pk": 7, "fields": {"sector": 1, "photo": "image0_mB9sxpq.jpg", "time_taken": "2018-07-03T01:06:04.971Z"}}, {"model": "mainModels.image", "pk": 8, "fields": {"sector": 1, "photo": "image0.jpg", "time_taken": "2018-07-03T01:06:50.362Z"}}, {"model": "mainModels.image", "pk": 9, "fields": {"sector": 1, "photo": "image0_uAVssTW.jpg", "time_taken": "2018-07-03T01:07:32.184Z"}}, {"model": "mainModels.image", "pk": 10, "fields": {"sector": 1, "photo": "image0_BCF2qUE.jpg", "time_taken": "2018-07-03T01:08:13.568Z"}}, {"model": "mainModels.image", "pk": 11, "fields": {"sector": 1, "photo": "image0_E9578E5.jpg", "time_taken": "2018-07-03T01:08:57.034Z"}}, {"model": "mainModels.image", "pk": 12, "fields": {"sector": 1, "photo": "image0_eIJd8BN.jpg", "time_taken": "2018-07-03T01:09:38.504Z"}}, {"model": "mainModels.image", "pk": 13, "fields": {"sector": 1, "photo": "image0_BPHNGyE.jpg", "time_taken": "2018-07-03T01:10:21.889Z"}}, {"model": "mainModels.image", "pk": 14, "fields": {"sector": 1, "photo": "image0_g4KxJIy.jpg", "time_taken": "2018-07-03T01:11:03.726Z"}}, {"model": "mainModels.image", "pk": 15, "fields": {"sector": 1, "photo": "image0_uB5wCOL.jpg", "time_taken": "2018-07-03T01:11:45.346Z"}}, {"model": "mainModels.image", "pk": 16, "fields": {"sector": 1, "photo": "image0.jpg", "time_taken": "2018-07-03T01:12:27.297Z"}}, {"model": "mainModels.image", "pk": 17, "fields": {"sector": 1, "photo": "image0_FwE4cyO.jpg", "time_taken": "2018-07-03T01:13:09.217Z"}}, {"model": "mainModels.image", "pk": 18, "fields": {"sector": 1, "photo": "image0_AZ9poef.jpg", "time_taken": "2018-07-03T01:13:44.351Z"}}, {"model": "mainModels.image", "pk": 19, "fields": {"sector": 1, "photo": "image0_7nZrJNo.jpg", "time_taken": "2018-07-03T01:14:15.806Z"}}, {"model": "mainModels.image", "pk": 20, "fields": {"sector": 1, "photo": "image0_wPt6ouG.jpg", "time_taken": "2018-07-03T01:14:49.444Z"}}, {"model": "mainModels.image", "pk": 21, "fields": {"sector": 1, "photo": "image0_szIA4QI.jpg", "time_taken": "2018-07-03T01:15:22.248Z"}}, {"model": "mainModels.image", "pk": 22, "fields": {"sector": 1, "photo": "image0_cguVEeO.jpg", "time_taken": "2018-07-03T01:15:57.215Z"}}, {"model": "mainModels.image", "pk": 23, "fields": {"sector": 1, "photo": "image0_BIc5Fpf.jpg", "time_taken": "2018-07-03T01:16:29.417Z"}}, {"model": "mainModels.image", "pk": 24, "fields": {"sector": 1, "photo": "image0_RAa0qXP.jpg", "time_taken": "2018-07-03T01:17:05.110Z"}}, {"model": "mainModels.image", "pk": 25, "fields": {"sector": 1, "photo": "image0_eFDhLQz.jpg", "time_taken": "2018-07-03T01:17:38.237Z"}}, {"model": "mainModels.image", "pk": 26, "fields": {"sector": 1, "photo": "image0_GIEwrCP.jpg", "time_taken": "2018-07-03T01:18:10.806Z"}}, {"model": "mainModels.image", "pk": 27, "fields": {"sector": 1, "photo": "image0_8HNA4I1.jpg", "time_taken": "2018-07-03T01:18:44.481Z"}}, {"model": "mainModels.image", "pk": 28, "fields": {"sector": 1, "photo": "image0_HnmLmQ0.jpg", "time_taken": "2018-07-03T01:19:15.969Z"}}, {"model": "mainModels.image", "pk": 29, "fields": {"sector": 1, "photo": "image0_2GxLloW.jpg", "time_taken": "2018-07-03T01:19:50.072Z"}}, {"model": "mainModels.image", "pk": 30, "fields": {"sector": 1, "photo": "image0_pfA5lEq.jpg", "time_taken": "2018-07-03T01:20:22.997Z"}}, {"model": "mainModels.image", "pk": 31, "fields": {"sector": 1, "photo": "image0_BQubLIY.jpg", "time_taken": "2018-07-03T01:20:56.289Z"}}, {"model": "mainModels.image", "pk": 32, "fields": {"sector": 1, "photo": "image0_5RaXCls.jpg", "time_taken": "2018-07-03T01:21:33.464Z"}}, {"model": "mainModels.image", "pk": 33, "fields": {"sector": 1, "photo": "image0_R7aaO7C.jpg", "time_taken": "2018-07-03T02:10:29.460Z"}}, {"model": "mainModels.image", "pk": 34, "fields": {"sector": 1, "photo": "image0_hFpbHjV.jpg", "time_taken": "2018-07-03T02:11:02.061Z"}}, {"model": "mainModels.image", "pk": 35, "fields": {"sector": 1, "photo": "image0_anGb8xY.jpg", "time_taken": "2018-07-03T02:11:34.366Z"}}, {"model": "mainModels.image", "pk": 36, "fields": {"sector": 1, "photo": "image0_JMjFta0.jpg", "time_taken": "2018-07-03T02:12:11.589Z"}}, {"model": "mainModels.image", "pk": 37, "fields": {"sector": 1, "photo": "image0_AE8qOrU.jpg", "time_taken": "2018-07-03T02:12:44.849Z"}}, {"model": "mainModels.image", "pk": 38, "fields": {"sector": 1, "photo": "image0_MMlVscc.jpg", "time_taken": "2018-07-03T02:13:17.158Z"}}, {"model": "mainModels.image", "pk": 39, "fields": {"sector": 1, "photo": "image0_qh9Shqd.jpg", "time_taken": "2018-07-03T02:13:49.667Z"}}, {"model": "mainModels.image", "pk": 40, "fields": {"sector": 1, "photo": "image0_RbO7hKA.jpg", "time_taken": "2018-07-03T02:16:41.603Z"}}, {"model": "mainModels.image", "pk": 41, "fields": {"sector": 1, "photo": "image0_oEkDb52.jpg", "time_taken": "2018-07-03T02:17:29.136Z"}}, {"model": "mainModels.image", "pk": 42, "fields": {"sector": 1, "photo": "image0_41oZYR6.jpg", "time_taken": "2018-07-03T02:18:01.222Z"}}, {"model": "mainModels.image", "pk": 43, "fields": {"sector": 1, "photo": "image0_dGj5BVd.jpg", "time_taken": "2018-07-03T02:18:38.939Z"}}, {"model": "mainModels.image", "pk": 44, "fields": {"sector": 1, "photo": "image0_ycGyXk0.jpg", "time_taken": "2018-07-03T02:19:20.893Z"}}, {"model": "mainModels.image", "pk": 45, "fields": {"sector": 1, "photo": "image0_j4tTNuP.jpg", "time_taken": "2018-07-03T02:19:55.997Z"}}, {"model": "mainModels.image", "pk": 46, "fields": {"sector": 1, "photo": "image0_DHYpVxd.jpg", "time_taken": "2018-07-03T02:20:32.083Z"}}, {"model": "mainModels.image", "pk": 47, "fields": {"sector": 1, "photo": "image0_55KUb58.jpg", "time_taken": "2018-07-03T02:24:33.001Z"}}, {"model": "mainModels.image", "pk": 48, "fields": {"sector": 1, "photo": "image0_VwjrgTo.jpg", "time_taken": "2018-07-03T02:25:05.490Z"}}, {"model": "mainModels.image", "pk": 49, "fields": {"sector": 1, "photo": "image0_ckmiAV2.jpg", "time_taken": "2018-07-03T02:25:37.776Z"}}, {"model": "mainModels.image", "pk": 50, "fields": {"sector": 1, "photo": "image0_fcQcnVS.jpg", "time_taken": "2018-07-03T02:26:09.994Z"}}, {"model": "mainModels.image", "pk": 51, "fields": {"sector": 1, "photo": "image0_Yq5PBNv.jpg", "time_taken": "2018-07-03T02:26:48.633Z"}}, {"model": "mainModels.image", "pk": 52, "fields": {"sector": 1, "photo": "image0_k5QEbBw.jpg", "time_taken": "2018-07-03T02:27:24.364Z"}}, {"model": "mainModels.image", "pk": 53, "fields": {"sector": 1, "photo": "image0_3TdDzwo.jpg", "time_taken": "2018-07-03T02:27:57.340Z"}}, {"model": "mainModels.image", "pk": 54, "fields": {"sector": 1, "photo": "image0_1pEIPTC.jpg", "time_taken": "2018-07-03T02:34:30.486Z"}}, {"model": "mainModels.image", "pk": 55, "fields": {"sector": 1, "photo": "image0_oeX9sd0.jpg", "time_taken": "2018-07-03T02:35:05.896Z"}}, {"model": "mainModels.image", "pk": 56, "fields": {"sector": 1, "photo": "image0_rUlwltP.jpg", "time_taken": "2018-07-03T02:59:17.749Z"}}, {"model": "mainModels.image", "pk": 57, "fields": {"sector": 1, "photo": "image0_7nm5G8g.jpg", "time_taken": "2018-07-03T03:00:47.204Z"}}, {"model": "mainModels.image", "pk": 58, "fields": {"sector": 1, "photo": "image0_bIJoeAy.jpg", "time_taken": "2018-07-03T03:01:21.315Z"}}, {"model": "mainModels.image", "pk": 59, "fields": {"sector": 1, "photo": "image0_DiDelTh.jpg", "time_taken": "2018-07-03T03:01:53.674Z"}}, {"model": "mainModels.image", "pk": 60, "fields": {"sector": 1, "photo": "image0_jhRjWjh.jpg", "time_taken": "2018-07-03T03:02:26.407Z"}}, {"model": "mainModels.image", "pk": 61, "fields": {"sector": 1, "photo": "image0_N90yT80.jpg", "time_taken": "2018-07-03T03:02:59.257Z"}}, {"model": "mainModels.image", "pk": 62, "fields": {"sector": 1, "photo": "image0_KZejsg4.jpg", "time_taken": "2018-07-03T03:03:33.485Z"}}, {"model": "mainModels.image", "pk": 63, "fields": {"sector": 1, "photo": "image0_YDQnMor.jpg", "time_taken": "2018-07-03T03:04:06.387Z"}}, {"model": "mainModels.image", "pk": 64, "fields": {"sector": 1, "photo": "image0_ivesJCE.jpg", "time_taken": "2018-07-03T03:04:39.847Z"}}, {"model": "mainModels.image", "pk": 65, "fields": {"sector": 1, "photo": "image0_C9opfly.jpg", "time_taken": "2018-07-03T03:05:13.037Z"}}, {"model": "mainModels.image", "pk": 66, "fields": {"sector": 1, "photo": "image0_EAQAXSa.jpg", "time_taken": "2018-07-03T03:07:34.556Z"}}, {"model": "mainModels.image", "pk": 67, "fields": {"sector": 1, "photo": "image0_CztsPE1.jpg", "time_taken": "2018-07-03T03:08:13.433Z"}}, {"model": "mainModels.image", "pk": 68, "fields": {"sector": 1, "photo": "image0_4RIcsMs.jpg", "time_taken": "2018-07-03T03:08:48.772Z"}}, {"model": "mainModels.image", "pk": 69, "fields": {"sector": 1, "photo": "image0_kHgLFCN.jpg", "time_taken": "2018-07-03T03:09:27.236Z"}}, {"model": "mainModels.image", "pk": 70, "fields": {"sector": 1, "photo": "image0_uooWuB7.jpg", "time_taken": "2018-07-03T03:10:10.421Z"}}, {"model": "mainModels.image", "pk": 71, "fields": {"sector": 1, "photo": "image0_cnxC0UV.jpg", "time_taken": "2018-07-03T03:10:43.635Z"}}, {"model": "mainModels.image", "pk": 72, "fields": {"sector": 1, "photo": "image0_jBLbBJU.jpg", "time_taken": "2018-07-03T03:11:15.977Z"}}, {"model": "mainModels.image", "pk": 73, "fields": {"sector": 1, "photo": "image0_98SN0X3.jpg", "time_taken": "2018-07-03T03:11:48.755Z"}}, {"model": "mainModels.image", "pk": 74, "fields": {"sector": 1, "photo": "image0_AVP1RRt.jpg", "time_taken": "2018-07-03T03:12:21.461Z"}}, {"model": "mainModels.image", "pk": 75, "fields": {"sector": 1, "photo": "image0_3A02DLl.jpg", "time_taken": "2018-07-03T03:12:54.054Z"}}, {"model": "mainModels.image", "pk": 76, "fields": {"sector": 1, "photo": "image0_ki87IvH.jpg", "time_taken": "2018-07-03T03:13:27.264Z"}}, {"model": "mainModels.image", "pk": 77, "fields": {"sector": 1, "photo": "image0_gjnTu1T.jpg", "time_taken": "2018-07-03T03:14:00.797Z"}}, {"model": "mainModels.image", "pk": 78, "fields": {"sector": 1, "photo": "image0_Sd05ilY.jpg", "time_taken": "2018-07-03T03:14:33.844Z"}}, {"model": "mainModels.image", "pk": 79, "fields": {"sector": 1, "photo": "image0_lOC1Gi3.jpg", "time_taken": "2018-07-03T03:15:07.002Z"}}, {"model": "mainModels.image", "pk": 80, "fields": {"sector": 1, "photo": "image0_zlCniwG.jpg", "time_taken": "2018-07-03T03:15:40.946Z"}}, {"model": "mainModels.image", "pk": 81, "fields": {"sector": 1, "photo": "image0_22fn6lc.jpg", "time_taken": "2018-07-03T03:16:17.200Z"}}, {"model": "mainModels.image", "pk": 82, "fields": {"sector": 1, "photo": "image0_S47okDq.jpg", "time_taken": "2018-07-03T03:16:52.384Z"}}, {"model": "mainModels.image", "pk": 83, "fields": {"sector": 1, "photo": "image0_S9jfn9n.jpg", "time_taken": "2018-07-03T03:17:34.891Z"}}, {"model": "mainModels.image", "pk": 84, "fields": {"sector": 1, "photo": "image0_XDwdxdt.jpg", "time_taken": "2018-07-03T03:18:14.409Z"}}, {"model": "mainModels.image", "pk": 85, "fields": {"sector": 1, "photo": "image0_92y3osx.jpg", "time_taken": "2018-07-03T03:18:49.599Z"}}, {"model": "mainModels.image", "pk": 86, "fields": {"sector": 1, "photo": "image0_3VrQflz.jpg", "time_taken": "2018-07-03T03:29:03.191Z"}}, {"model": "mainModels.image", "pk": 87, "fields": {"sector": 1, "photo": "image0_qTV5Z2s.jpg", "time_taken": "2018-07-03T03:29:37.607Z"}}, {"model": "mainModels.image", "pk": 88, "fields": {"sector": 1, "photo": "image0_hgMSfhO.jpg", "time_taken": "2018-07-03T03:30:13.138Z"}}, {"model": "mainModels.image", "pk": 89, "fields": {"sector": 1, "photo": "image0_Ji1znAg.jpg", "time_taken": "2018-07-03T03:30:49.861Z"}}, {"model": "mainModels.image", "pk": 90, "fields": {"sector": 1, "photo": "image0_9qcF32L.jpg", "time_taken": "2018-07-03T03:31:24.381Z"}}, {"model": "mainModels.image", "pk": 91, "fields": {"sector": 1, "photo": "image0_oc7E767.jpg", "time_taken": "2018-07-03T03:31:59.965Z"}}, {"model": "mainModels.image", "pk": 92, "fields": {"sector": 1, "photo": "image0_UxXJloQ.jpg", "time_taken": "2018-07-03T03:32:32.914Z"}}, {"model": "mainModels.image", "pk": 93, "fields": {"sector": 1, "photo": "image0_MNUxdNw.jpg", "time_taken": "2018-07-03T03:33:06.123Z"}}, {"model": "mainModels.image", "pk": 94, "fields": {"sector": 1, "photo": "image0_hARvKOv.jpg", "time_taken": "2018-07-03T03:33:43.667Z"}}, {"model": "mainModels.image", "pk": 95, "fields": {"sector": 1, "photo": "image0_RWUFuEi.jpg", "time_taken": "2018-07-03T03:34:18.659Z"}}, {"model": "mainModels.image", "pk": 96, "fields": {"sector": 1, "photo": "image0_ehLNTAD.jpg", "time_taken": "2018-07-03T03:34:51.300Z"}}, {"model": "mainModels.image", "pk": 97, "fields": {"sector": 1, "photo": "image0_lqIHzYN.jpg", "time_taken": "2018-07-03T03:35:26.824Z"}}, {"model": "mainModels.image", "pk": 98, "fields": {"sector": 1, "photo": "image0_CNmCWwY.jpg", "time_taken": "2018-07-03T03:36:00.801Z"}}, {"model": "mainModels.image", "pk": 99, "fields": {"sector": 1, "photo": "image0_fQJfdt3.jpg", "time_taken": "2018-07-03T03:36:33.895Z"}}, {"model": "mainModels.image", "pk": 100, "fields": {"sector": 1, "photo": "image0_E1fU5vW.jpg", "time_taken": "2018-07-03T03:37:08.258Z"}}, {"model": "mainModels.image", "pk": 101, "fields": {"sector": 1, "photo": "image0_3vIbZ3E.jpg", "time_taken": "2018-07-03T03:37:49.944Z"}}, {"model": "mainModels.image", "pk": 102, "fields": {"sector": 1, "photo": "image0_ssb1kuM.jpg", "time_taken": "2018-07-03T03:38:27.976Z"}}, {"model": "mainModels.image", "pk": 103, "fields": {"sector": 1, "photo": "image0_n9iFYlD.jpg", "time_taken": "2018-07-03T03:39:05.227Z"}}, {"model": "mainModels.image", "pk": 104, "fields": {"sector": 1, "photo": "image0_QtXoMFB.jpg", "time_taken": "2018-07-03T03:39:48.089Z"}}, {"model": "mainModels.image", "pk": 105, "fields": {"sector": 1, "photo": "image0_4AeAtu2.jpg", "time_taken": "2018-07-03T03:40:29.985Z"}}, {"model": "mainModels.image", "pk": 106, "fields": {"sector": 1, "photo": "image0_AMJXVzc.jpg", "time_taken": "2018-07-03T03:41:04.794Z"}}, {"model": "mainModels.image", "pk": 107, "fields": {"sector": 1, "photo": "image0_QWnL2WE.jpg", "time_taken": "2018-07-03T03:41:42.987Z"}}, {"model": "mainModels.image", "pk": 108, "fields": {"sector": 1, "photo": "image0_FrJD9L9.jpg", "time_taken": "2018-07-03T03:42:20.341Z"}}, {"model": "mainModels.image", "pk": 109, "fields": {"sector": 1, "photo": "image0_EMOncSz.jpg", "time_taken": "2018-07-03T03:46:58.545Z"}}, {"model": "mainModels.image", "pk": 110, "fields": {"sector": 1, "photo": "image0_t4QR2M0.jpg", "time_taken": "2018-07-03T03:47:33.723Z"}}, {"model": "mainModels.image", "pk": 111, "fields": {"sector": 1, "photo": "image0_dRLKCVR.jpg", "time_taken": "2018-07-03T03:48:09.350Z"}}, {"model": "mainModels.image", "pk": 112, "fields": {"sector": 1, "photo": "image0_wgninlO.jpg", "time_taken": "2018-07-03T03:48:54.754Z"}}, {"model": "mainModels.image", "pk": 113, "fields": {"sector": 1, "photo": "image0_ilROT7a.jpg", "time_taken": "2018-07-03T03:49:30.473Z"}}, {"model": "mainModels.image", "pk": 114, "fields": {"sector": 1, "photo": "image0_4XIrNgb.jpg", "time_taken": "2018-07-03T03:57:56.252Z"}}, {"model": "mainModels.image", "pk": 115, "fields": {"sector": 1, "photo": "image0_L9cFrlx.jpg", "time_taken": "2018-07-03T03:58:33.922Z"}}, {"model": "mainModels.image", "pk": 116, "fields": {"sector": 1, "photo": "image0_OFUENTg.jpg", "time_taken": "2018-07-03T03:59:06.468Z"}}, {"model": "mainModels.image", "pk": 117, "fields": {"sector": 1, "photo": "image0_UJrAALf.jpg", "time_taken": "2018-07-03T03:59:38.646Z"}}, {"model": "mainModels.image", "pk": 118, "fields": {"sector": 1, "photo": "image0_R4AgHeG.jpg", "time_taken": "2018-07-03T04:00:10.279Z"}}, {"model": "mainModels.image", "pk": 119, "fields": {"sector": 1, "photo": "image0_exT0EiT.jpg", "time_taken": "2018-07-03T04:00:41.573Z"}}, {"model": "mainModels.image", "pk": 120, "fields": {"sector": 1, "photo": "image0_zRUiUU1.jpg", "time_taken": "2018-07-03T04:01:13.560Z"}}, {"model": "mainModels.image", "pk": 121, "fields": {"sector": 1, "photo": "image0_fDoZWsw.jpg", "time_taken": "2018-07-03T04:01:44.732Z"}}, {"model": "mainModels.image", "pk": 122, "fields": {"sector": 1, "photo": "image0_2cJ0b8G.jpg", "time_taken": "2018-07-03T04:02:16.743Z"}}, {"model": "mainModels.image", "pk": 123, "fields": {"sector": 1, "photo": "image0_6LYRm8K.jpg", "time_taken": "2018-07-03T04:02:48.924Z"}}, {"model": "mainModels.image", "pk": 124, "fields": {"sector": 1, "photo": "image0_91pR9H2.jpg", "time_taken": "2018-07-03T04:03:20.890Z"}}, {"model": "mainModels.image", "pk": 125, "fields": {"sector": 1, "photo": "image0_12cuBMb.jpg", "time_taken": "2018-07-03T04:03:52.892Z"}}, {"model": "mainModels.image", "pk": 126, "fields": {"sector": 1, "photo": "image0_y1SwTT2.jpg", "time_taken": "2018-07-03T04:04:25.922Z"}}, {"model": "mainModels.image", "pk": 127, "fields": {"sector": 1, "photo": "image0_UtD7Lz8.jpg", "time_taken": "2018-07-03T04:04:57.001Z"}}, {"model": "mainModels.image", "pk": 128, "fields": {"sector": 1, "photo": "image0_w5Ucw7F.jpg", "time_taken": "2018-07-03T04:05:28.142Z"}}, {"model": "mainModels.image", "pk": 129, "fields": {"sector": 1, "photo": "image0_ipyaabu.jpg", "time_taken": "2018-07-03T04:05:59.669Z"}}, {"model": "mainModels.image", "pk": 130, "fields": {"sector": 1, "photo": "image0_fJr8yXj.jpg", "time_taken": "2018-07-03T04:06:31.749Z"}}, {"model": "mainModels.image", "pk": 131, "fields": {"sector": 1, "photo": "image0_weCtFNj.jpg", "time_taken": "2018-07-03T04:07:03.721Z"}}, {"model": "mainModels.image", "pk": 132, "fields": {"sector": 1, "photo": "image0_3q88pfW.jpg", "time_taken": "2018-07-03T04:07:35.034Z"}}, {"model": "mainModels.image", "pk": 133, "fields": {"sector": 1, "photo": "image0_zDqTI7E.jpg", "time_taken": "2018-07-03T04:08:06.901Z"}}, {"model": "mainModels.image", "pk": 134, "fields": {"sector": 1, "photo": "image0_g2aiWqQ.jpg", "time_taken": "2018-07-03T04:08:39.031Z"}}, {"model": "mainModels.image", "pk": 135, "fields": {"sector": 1, "photo": "image0_xN7218y.jpg", "time_taken": "2018-07-03T04:09:11.110Z"}}, {"model": "mainModels.image", "pk": 136, "fields": {"sector": 1, "photo": "image0_fFHgcif.jpg", "time_taken": "2018-07-03T05:33:35.583Z"}}, {"model": "mainModels.image", "pk": 137, "fields": {"sector": 1, "photo": "image0_eqsAalr.jpg", "time_taken": "2018-07-03T05:33:51.822Z"}}, {"model": "mainModels.image", "pk": 138, "fields": {"sector": 1, "photo": "image0_seJOgQU.jpg", "time_taken": "2018-07-03T05:34:07.828Z"}}, {"model": "mainModels.image", "pk": 139, "fields": {"sector": 1, "photo": "image0_e84yAkb.jpg", "time_taken": "2018-07-03T05:34:23.834Z"}}, {"model": "mainModels.image", "pk": 140, "fields": {"sector": 1, "photo": "image0_ThXwWGR.jpg", "time_taken": "2018-07-03T05:34:40.413Z"}}, {"model": "mainModels.image", "pk": 141, "fields": {"sector": 1, "photo": "image0_h7xbWBu.jpg", "time_taken": "2018-07-03T05:34:57.007Z"}}, {"model": "mainModels.image", "pk": 142, "fields": {"sector": 1, "photo": "image0_9tAU6ZX.jpg", "time_taken": "2018-07-03T05:35:13.536Z"}}, {"model": "mainModels.image", "pk": 143, "fields": {"sector": 1, "photo": "image0_ZLrSMQl.jpg", "time_taken": "2018-07-03T05:36:53.645Z"}}, {"model": "mainModels.image", "pk": 144, "fields": {"sector": 1, "photo": "image0_zOrWDlQ.jpg", "time_taken": "2018-07-03T05:37:45.438Z"}}, {"model": "mainModels.image", "pk": 145, "fields": {"sector": 1, "photo": "image0_6NoSNSk.jpg", "time_taken": "2018-07-03T05:41:27.957Z"}}, {"model": "mainModels.image", "pk": 146, "fields": {"sector": 1, "photo": "image0_3AWfUOe.jpg", "time_taken": "2018-07-03T05:42:00.614Z"}}, {"model": "mainModels.image", "pk": 147, "fields": {"sector": 1, "photo": "image0_GNe89yr.jpg", "time_taken": "2018-07-03T05:43:21.052Z"}}, {"model": "mainModels.image", "pk": 148, "fields": {"sector": 1, "photo": "image0_HS6Pl2C.jpg", "time_taken": "2018-07-03T05:46:12.635Z"}}, {"model": "mainModels.image", "pk": 149, "fields": {"sector": 1, "photo": "image0_H0wj003.jpg", "time_taken": "2018-07-03T05:46:41.112Z"}}, {"model": "mainModels.image", "pk": 150, "fields": {"sector": 1, "photo": "image0_ILkJwj5.jpg", "time_taken": "2018-07-03T05:47:05.554Z"}}, {"model": "mainModels.image", "pk": 151, "fields": {"sector": 1, "photo": "image0_vOyOsYU.jpg", "time_taken": "2018-07-03T05:47:30.256Z"}}, {"model": "mainModels.image", "pk": 152, "fields": {"sector": 1, "photo": "image0_6SToc1u.jpg", "time_taken": "2018-07-03T05:47:47.795Z"}}, {"model": "mainModels.image", "pk": 153, "fields": {"sector": 1, "photo": "image0_jeE068M.jpg", "time_taken": "2018-07-03T05:48:05.446Z"}}, {"model": "mainModels.image", "pk": 154, "fields": {"sector": 1, "photo": "image0_uIn6cyM.jpg", "time_taken": "2018-07-03T05:48:23.043Z"}}, {"model": "mainModels.image", "pk": 155, "fields": {"sector": 1, "photo": "image0_NKrb3eo.jpg", "time_taken": "2018-07-03T05:48:40.658Z"}}, {"model": "mainModels.image", "pk": 156, "fields": {"sector": 1, "photo": "image0_Dm3BuWc.jpg", "time_taken": "2018-07-03T05:48:58.309Z"}}, {"model": "mainModels.image", "pk": 157, "fields": {"sector": 1, "photo": "image0_wid13Pt.jpg", "time_taken": "2018-07-03T05:49:26.127Z"}}, {"model": "mainModels.image", "pk": 158, "fields": {"sector": 1, "photo": "image0_O88j0eg.jpg", "time_taken": "2018-07-03T05:49:51.934Z"}}, {"model": "mainModels.image", "pk": 159, "fields": {"sector": 1, "photo": "image0_Tl1GBzv.jpg", "time_taken": "2018-07-03T05:50:17.303Z"}}, {"model": "mainModels.image", "pk": 160, "fields": {"sector": 1, "photo": "image0_iGVeB8V.jpg", "time_taken": "2018-07-03T05:50:42.681Z"}}, {"model": "mainModels.image", "pk": 161, "fields": {"sector": 1, "photo": "image0_yzshYvY.jpg", "time_taken": "2018-07-03T05:51:07.875Z"}}, {"model": "mainModels.image", "pk": 162, "fields": {"sector": 1, "photo": "image0_3kkLo2T.jpg", "time_taken": "2018-07-03T05:51:34.540Z"}}, {"model": "mainModels.image", "pk": 163, "fields": {"sector": 1, "photo": "image0_AjXoSRG.jpg", "time_taken": "2018-07-03T05:52:00.642Z"}}, {"model": "mainModels.image", "pk": 164, "fields": {"sector": 1, "photo": "image0_Z9qX0Tx.jpg", "time_taken": "2018-07-03T05:52:26.755Z"}}, {"model": "mainModels.image", "pk": 165, "fields": {"sector": 1, "photo": "image0_zX4jsjL.jpg", "time_taken": "2018-07-03T05:52:52.679Z"}}, {"model": "mainModels.image", "pk": 166, "fields": {"sector": 1, "photo": "image0_Tb8HOSE.jpg", "time_taken": "2018-07-03T05:53:18.363Z"}}, {"model": "mainModels.image", "pk": 167, "fields": {"sector": 1, "photo": "image0_JdxfWDG.jpg", "time_taken": "2018-07-03T05:53:43.967Z"}}, {"model": "mainModels.image", "pk": 168, "fields": {"sector": 1, "photo": "image0_xG6FHpa.jpg", "time_taken": "2018-07-03T05:54:09.678Z"}}, {"model": "mainModels.image", "pk": 169, "fields": {"sector": 1, "photo": "image0_OQMJ2AZ.jpg", "time_taken": "2018-07-03T05:54:35.493Z"}}, {"model": "mainModels.image", "pk": 170, "fields": {"sector": 1, "photo": "image0_1yPmKNk.jpg", "time_taken": "2018-07-03T05:55:00.879Z"}}, {"model": "mainModels.image", "pk": 171, "fields": {"sector": 1, "photo": "image0_i3govV9.jpg", "time_taken": "2018-07-03T05:55:26.580Z"}}, {"model": "mainModels.image", "pk": 172, "fields": {"sector": 1, "photo": "image0_qGL7Yzq.jpg", "time_taken": "2018-07-03T05:55:52.076Z"}}, {"model": "mainModels.image", "pk": 173, "fields": {"sector": 1, "photo": "image0_KYSXUS5.jpg", "time_taken": "2018-07-03T05:56:17.584Z"}}, {"model": "mainModels.image", "pk": 174, "fields": {"sector": 1, "photo": "image0_t50uwxo.jpg", "time_taken": "2018-07-03T05:56:42.850Z"}}, {"model": "mainModels.image", "pk": 175, "fields": {"sector": 1, "photo": "image0_j0CXbiL.jpg", "time_taken": "2018-07-03T05:57:08.028Z"}}, {"model": "mainModels.image", "pk": 176, "fields": {"sector": 1, "photo": "image0_8pszvNv.jpg", "time_taken": "2018-07-03T05:57:34.468Z"}}, {"model": "mainModels.image", "pk": 177, "fields": {"sector": 1, "photo": "image0_JMm01Ve.jpg", "time_taken": "2018-07-03T05:58:00.094Z"}}, {"model": "mainModels.image", "pk": 178, "fields": {"sector": 1, "photo": "image0_YEF19BG.jpg", "time_taken": "2018-07-03T05:58:25.767Z"}}, {"model": "mainModels.image", "pk": 179, "fields": {"sector": 1, "photo": "image0_BipNJ9q.jpg", "time_taken": "2018-07-03T05:58:51.482Z"}}, {"model": "mainModels.image", "pk": 180, "fields": {"sector": 1, "photo": "image0_GNLjjPC.jpg", "time_taken": "2018-07-03T05:59:17.804Z"}}, {"model": "mainModels.image", "pk": 181, "fields": {"sector": 1, "photo": "image0_8iVCYTu.jpg", "time_taken": "2018-07-03T05:59:43.210Z"}}, {"model": "mainModels.image", "pk": 182, "fields": {"sector": 1, "photo": "image0_ckRNbQu.jpg", "time_taken": "2018-07-03T06:00:08.493Z"}}, {"model": "mainModels.image", "pk": 183, "fields": {"sector": 1, "photo": "image0_O97vaFT.jpg", "time_taken": "2018-07-03T06:00:34.004Z"}}, {"model": "mainModels.image", "pk": 184, "fields": {"sector": 1, "photo": "image0_qgJqXz1.jpg", "time_taken": "2018-07-03T06:00:59.793Z"}}, {"model": "mainModels.image", "pk": 185, "fields": {"sector": 1, "photo": "image0_hdRlX7J.jpg", "time_taken": "2018-07-03T06:01:24.991Z"}}, {"model": "mainModels.image", "pk": 186, "fields": {"sector": 1, "photo": "image0_7CgwJaL.jpg", "time_taken": "2018-07-03T06:01:50.795Z"}}, {"model": "mainModels.image", "pk": 187, "fields": {"sector": 1, "photo": "image0_0PaQElA.jpg", "time_taken": "2018-07-03T06:02:16.194Z"}}, {"model": "mainModels.image", "pk": 188, "fields": {"sector": 1, "photo": "image0_OwWHCO4.jpg", "time_taken": "2018-07-03T06:02:41.460Z"}}, {"model": "mainModels.image", "pk": 189, "fields": {"sector": 1, "photo": "image0_hsWtUwv.jpg", "time_taken": "2018-07-03T06:03:06.998Z"}}, {"model": "mainModels.image", "pk": 190, "fields": {"sector": 1, "photo": "image0_7GbqVsa.jpg", "time_taken": "2018-07-03T06:03:33.835Z"}}, {"model": "mainModels.image", "pk": 191, "fields": {"sector": 1, "photo": "image0_MiTrN7m.jpg", "time_taken": "2018-07-03T06:03:59.392Z"}}, {"model": "mainModels.image", "pk": 192, "fields": {"sector": 1, "photo": "image0_VDVt3it.jpg", "time_taken": "2018-07-03T06:04:25.251Z"}}, {"model": "mainModels.image", "pk": 193, "fields": {"sector": 1, "photo": "image0_d6ZVRLw.jpg", "time_taken": "2018-07-03T06:04:50.993Z"}}, {"model": "mainModels.image", "pk": 194, "fields": {"sector": 1, "photo": "image0_Jkg3SQZ.jpg", "time_taken": "2018-07-03T06:05:16.382Z"}}, {"model": "mainModels.image", "pk": 195, "fields": {"sector": 1, "photo": "image0_rYa5X3Q.jpg", "time_taken": "2018-07-03T06:05:41.549Z"}}, {"model": "mainModels.image", "pk": 196, "fields": {"sector": 1, "photo": "image0_jLFt1Vz.jpg", "time_taken": "2018-07-03T06:06:07.585Z"}}, {"model": "mainModels.image", "pk": 197, "fields": {"sector": 1, "photo": "image0_uHHqu4F.jpg", "time_taken": "2018-07-03T06:06:32.946Z"}}, {"model": "mainModels.image", "pk": 198, "fields": {"sector": 1, "photo": "image0_5zoJbdu.jpg", "time_taken": "2018-07-03T06:06:58.516Z"}}, {"model": "mainModels.image", "pk": 199, "fields": {"sector": 1, "photo": "image0_1JBOw8h.jpg", "time_taken": "2018-07-03T06:07:24.380Z"}}, {"model": "mainModels.image", "pk": 200, "fields": {"sector": 1, "photo": "image0_dKH2hl2.jpg", "time_taken": "2018-07-03T06:07:49.785Z"}}, {"model": "mainModels.image", "pk": 201, "fields": {"sector": 1, "photo": "image0_LK4kNnl.jpg", "time_taken": "2018-07-03T06:08:15.822Z"}}, {"model": "mainModels.image", "pk": 202, "fields": {"sector": 1, "photo": "image0_AyE0V5I.jpg", "time_taken": "2018-07-03T06:08:41.480Z"}}, {"model": "mainModels.image", "pk": 203, "fields": {"sector": 1, "photo": "image0_IaJgPWm.jpg", "time_taken": "2018-07-03T06:09:07.042Z"}}, {"model": "mainModels.image", "pk": 204, "fields": {"sector": 1, "photo": "image0_tt2S2Oo.jpg", "time_taken": "2018-07-03T06:09:34.861Z"}}, {"model": "mainModels.image", "pk": 205, "fields": {"sector": 1, "photo": "image0_OFGT9Gf.jpg", "time_taken": "2018-07-03T06:10:00.338Z"}}, {"model": "mainModels.image", "pk": 206, "fields": {"sector": 1, "photo": "image0_0sbW4n2.jpg", "time_taken": "2018-07-03T06:10:25.588Z"}}, {"model": "mainModels.image", "pk": 207, "fields": {"sector": 1, "photo": "image0_YhFwfNF.jpg", "time_taken": "2018-07-03T06:10:51.524Z"}}, {"model": "mainModels.image", "pk": 208, "fields": {"sector": 1, "photo": "image0_hAm4df1.jpg", "time_taken": "2018-07-03T06:11:17.694Z"}}, {"model": "mainModels.image", "pk": 209, "fields": {"sector": 1, "photo": "image0_bmJbvFe.jpg", "time_taken": "2018-07-03T06:11:43.269Z"}}, {"model": "mainModels.image", "pk": 210, "fields": {"sector": 1, "photo": "image0_bjUdsIw.jpg", "time_taken": "2018-07-03T06:12:08.850Z"}}, {"model": "mainModels.image", "pk": 211, "fields": {"sector": 1, "photo": "image0_7hmyljA.jpg", "time_taken": "2018-07-03T06:12:34.864Z"}}, {"model": "mainModels.image", "pk": 212, "fields": {"sector": 1, "photo": "image0_RTCiIew.jpg", "time_taken": "2018-07-03T06:13:00.454Z"}}, {"model": "mainModels.image", "pk": 213, "fields": {"sector": 1, "photo": "image0_dYfvwp9.jpg", "time_taken": "2018-07-03T06:13:26.544Z"}}, {"model": "mainModels.image", "pk": 214, "fields": {"sector": 1, "photo": "image0_ygbfcO5.jpg", "time_taken": "2018-07-03T06:13:51.985Z"}}, {"model": "mainModels.image", "pk": 215, "fields": {"sector": 1, "photo": "image0_yKcQPeo.jpg", "time_taken": "2018-07-03T06:30:22.608Z"}}, {"model": "mainModels.image", "pk": 216, "fields": {"sector": 1, "photo": "image0_R5M2XCv.jpg", "time_taken": "2018-07-03T06:30:48.146Z"}}, {"model": "mainModels.image", "pk": 217, "fields": {"sector": 1, "photo": "image0_NYIEqsW.jpg", "time_taken": "2018-07-03T06:31:13.932Z"}}, {"model": "mainModels.image", "pk": 218, "fields": {"sector": 1, "photo": "image0_sRnCQ4J.jpg", "time_taken": "2018-07-03T06:31:39.745Z"}}, {"model": "mainModels.image", "pk": 219, "fields": {"sector": 1, "photo": "image0_FrQVjAS.jpg", "time_taken": "2018-07-03T06:32:05.294Z"}}, {"model": "mainModels.image", "pk": 220, "fields": {"sector": 1, "photo": "image0_OHtU3ct.jpg", "time_taken": "2018-07-03T06:32:30.868Z"}}, {"model": "mainModels.image", "pk": 221, "fields": {"sector": 1, "photo": "image0_e72G1jf.jpg", "time_taken": "2018-07-03T06:32:56.318Z"}}, {"model": "mainModels.image", "pk": 222, "fields": {"sector": 1, "photo": "image0_eRqHinZ.jpg", "time_taken": "2018-07-03T06:33:21.292Z"}}, {"model": "mainModels.image", "pk": 223, "fields": {"sector": 1, "photo": "image0_S7s4I6f.jpg", "time_taken": "2018-07-03T06:33:47.853Z"}}, {"model": "mainModels.image", "pk": 224, "fields": {"sector": 1, "photo": "image0_jrtbDuD.jpg", "time_taken": "2018-07-03T06:34:12.973Z"}}, {"model": "mainModels.image", "pk": 225, "fields": {"sector": 1, "photo": "image0_Z4XNfP7.jpg", "time_taken": "2018-07-03T06:34:38.356Z"}}, {"model": "mainModels.image", "pk": 226, "fields": {"sector": 1, "photo": "image0_aFVqksx.jpg", "time_taken": "2018-07-03T06:35:03.965Z"}}, {"model": "mainModels.image", "pk": 227, "fields": {"sector": 1, "photo": "image0_SF7rEB5.jpg", "time_taken": "2018-07-03T06:35:29.711Z"}}, {"model": "mainModels.image", "pk": 228, "fields": {"sector": 1, "photo": "image0_c7jqtIC.jpg", "time_taken": "2018-07-03T06:35:55.765Z"}}, {"model": "mainModels.image", "pk": 229, "fields": {"sector": 1, "photo": "image0_xfFU7Bj.jpg", "time_taken": "2018-07-03T06:36:20.749Z"}}, {"model": "mainModels.image", "pk": 230, "fields": {"sector": 1, "photo": "image0_glMRwq2.jpg", "time_taken": "2018-07-03T06:36:46.665Z"}}, {"model": "mainModels.image", "pk": 231, "fields": {"sector": 1, "photo": "image0_1NYwQP4.jpg", "time_taken": "2018-07-03T06:37:11.985Z"}}, {"model": "mainModels.image", "pk": 232, "fields": {"sector": 1, "photo": "image0_Gt9jSgx.jpg", "time_taken": "2018-07-03T06:37:38.337Z"}}, {"model": "mainModels.image", "pk": 233, "fields": {"sector": 1, "photo": "image0_b1Gmv6v.jpg", "time_taken": "2018-07-03T06:38:03.390Z"}}, {"model": "mainModels.image", "pk": 234, "fields": {"sector": 1, "photo": "image0_hZ3KDEJ.jpg", "time_taken": "2018-07-03T06:38:29.251Z"}}, {"model": "mainModels.image", "pk": 235, "fields": {"sector": 1, "photo": "image0_SkeWhmM.jpg", "time_taken": "2018-07-03T06:38:54.850Z"}}, {"model": "mainModels.image", "pk": 236, "fields": {"sector": 1, "photo": "image0_4Nlfy1q.jpg", "time_taken": "2018-07-03T06:39:20.237Z"}}, {"model": "mainModels.image", "pk": 237, "fields": {"sector": 1, "photo": "image0_xUkvMq2.jpg", "time_taken": "2018-07-03T06:39:45.869Z"}}, {"model": "mainModels.image", "pk": 238, "fields": {"sector": 1, "photo": "image0_h2rIazs.jpg", "time_taken": "2018-07-03T06:40:11.055Z"}}, {"model": "mainModels.image", "pk": 239, "fields": {"sector": 1, "photo": "image0_sH3fcQ1.jpg", "time_taken": "2018-07-03T06:40:37.128Z"}}, {"model": "mainModels.image", "pk": 240, "fields": {"sector": 1, "photo": "image0_UOHe87m.jpg", "time_taken": "2018-07-03T06:41:02.643Z"}}, {"model": "mainModels.image", "pk": 241, "fields": {"sector": 1, "photo": "image0_eT6Mz6B.jpg", "time_taken": "2018-07-03T06:41:28.666Z"}}, {"model": "mainModels.image", "pk": 242, "fields": {"sector": 1, "photo": "image0_7w8qOSu.jpg", "time_taken": "2018-07-03T06:41:54.362Z"}}, {"model": "mainModels.image", "pk": 243, "fields": {"sector": 1, "photo": "image0_4ugn5tN.jpg", "time_taken": "2018-07-03T06:42:20.375Z"}}, {"model": "mainModels.image", "pk": 244, "fields": {"sector": 1, "photo": "image0_ZDvod3V.jpg", "time_taken": "2018-07-03T06:42:45.960Z"}}, {"model": "mainModels.image", "pk": 245, "fields": {"sector": 1, "photo": "image0_iLBwMYY.jpg", "time_taken": "2018-07-03T06:43:11.461Z"}}, {"model": "mainModels.image", "pk": 246, "fields": {"sector": 1, "photo": "image0_roj2lEe.jpg", "time_taken": "2018-07-03T06:43:36.785Z"}}, {"model": "mainModels.image", "pk": 247, "fields": {"sector": 1, "photo": "image0_8thoMCj.jpg", "time_taken": "2018-07-03T06:44:02.665Z"}}, {"model": "mainModels.image", "pk": 248, "fields": {"sector": 1, "photo": "image0_cjQXcrt.jpg", "time_taken": "2018-07-03T06:44:28.465Z"}}, {"model": "mainModels.image", "pk": 249, "fields": {"sector": 1, "photo": "image0_Cl0D8Da.jpg", "time_taken": "2018-07-03T06:44:53.983Z"}}, {"model": "mainModels.image", "pk": 250, "fields": {"sector": 1, "photo": "image0_VmciVgM.jpg", "time_taken": "2018-07-03T06:45:19.349Z"}}, {"model": "mainModels.image", "pk": 251, "fields": {"sector": 1, "photo": "image0_c6RW8Cy.jpg", "time_taken": "2018-07-03T06:45:46.397Z"}}, {"model": "mainModels.image", "pk": 252, "fields": {"sector": 1, "photo": "image0_QkKeQ2k.jpg", "time_taken": "2018-07-03T06:46:12.115Z"}}, {"model": "mainModels.image", "pk": 253, "fields": {"sector": 1, "photo": "image0_mp7Zq1C.jpg", "time_taken": "2018-07-03T06:46:38.013Z"}}, {"model": "mainModels.image", "pk": 254, "fields": {"sector": 1, "photo": "image0_jmT0sHQ.jpg", "time_taken": "2018-07-03T06:47:03.721Z"}}, {"model": "mainModels.image", "pk": 255, "fields": {"sector": 1, "photo": "image0_mcRuw5U.jpg", "time_taken": "2018-07-03T06:47:29.420Z"}}, {"model": "mainModels.image", "pk": 256, "fields": {"sector": 1, "photo": "image0_10aOtex.jpg", "time_taken": "2018-07-03T06:47:55.227Z"}}, {"model": "mainModels.image", "pk": 257, "fields": {"sector": 1, "photo": "image0_RSqXYvJ.jpg", "time_taken": "2018-07-03T06:48:21.246Z"}}, {"model": "mainModels.image", "pk": 258, "fields": {"sector": 1, "photo": "image0_VzZbpBY.jpg", "time_taken": "2018-07-03T06:48:46.666Z"}}, {"model": "mainModels.image", "pk": 259, "fields": {"sector": 1, "photo": "image0_pqjYjxq.jpg", "time_taken": "2018-07-03T06:49:12.552Z"}}, {"model": "mainModels.image", "pk": 260, "fields": {"sector": 1, "photo": "image0_Mh7AyoM.jpg", "time_taken": "2018-07-03T06:49:38.655Z"}}, {"model": "mainModels.image", "pk": 261, "fields": {"sector": 1, "photo": "image0_N8n1zSZ.jpg", "time_taken": "2018-07-03T06:50:05.363Z"}}, {"model": "mainModels.image", "pk": 262, "fields": {"sector": 1, "photo": "image0_ZnyKpML.jpg", "time_taken": "2018-07-03T06:50:31.280Z"}}, {"model": "mainModels.image", "pk": 263, "fields": {"sector": 1, "photo": "image0_xQJfdRt.jpg", "time_taken": "2018-07-03T06:50:57.901Z"}}, {"model": "mainModels.image", "pk": 264, "fields": {"sector": 1, "photo": "image0_zCzFdnY.jpg", "time_taken": "2018-07-03T06:51:23.960Z"}}, {"model": "mainModels.image", "pk": 265, "fields": {"sector": 1, "photo": "image0_LEN0sDQ.jpg", "time_taken": "2018-07-03T06:51:49.515Z"}}, {"model": "mainModels.image", "pk": 266, "fields": {"sector": 1, "photo": "image0_fWYxitx.jpg", "time_taken": "2018-07-03T06:52:15.418Z"}}, {"model": "mainModels.image", "pk": 267, "fields": {"sector": 1, "photo": "image0_KwT1Jqv.jpg", "time_taken": "2018-07-03T06:52:41.283Z"}}, {"model": "mainModels.image", "pk": 268, "fields": {"sector": 1, "photo": "image0_K4PGASh.jpg", "time_taken": "2018-07-03T06:53:06.925Z"}}, {"model": "mainModels.image", "pk": 269, "fields": {"sector": 1, "photo": "image0_fZGmQbv.jpg", "time_taken": "2018-07-03T06:53:33.961Z"}}, {"model": "mainModels.image", "pk": 270, "fields": {"sector": 1, "photo": "image0_3hY237E.jpg", "time_taken": "2018-07-03T06:54:00.180Z"}}, {"model": "mainModels.image", "pk": 271, "fields": {"sector": 1, "photo": "image0_NKowgu5.jpg", "time_taken": "2018-07-03T07:10:32.052Z"}}, {"model": "mainModels.image", "pk": 272, "fields": {"sector": 1, "photo": "image0_IRfG08Z.jpg", "time_taken": "2018-07-03T07:35:35.271Z"}}, {"model": "mainModels.image", "pk": 273, "fields": {"sector": 1, "photo": "image0_5CzBVUx.jpg", "time_taken": "2018-07-03T07:36:01.186Z"}}, {"model": "mainModels.image", "pk": 274, "fields": {"sector": 1, "photo": "image0_m15enCm.jpg", "time_taken": "2018-07-03T07:36:26.985Z"}}, {"model": "mainModels.image", "pk": 275, "fields": {"sector": 1, "photo": "image0_BqcPLtZ.jpg", "time_taken": "2018-07-03T07:36:52.450Z"}}, {"model": "mainModels.image", "pk": 276, "fields": {"sector": 1, "photo": "image0_43Ricon.jpg", "time_taken": "2018-07-03T07:37:18.724Z"}}, {"model": "mainModels.image", "pk": 277, "fields": {"sector": 1, "photo": "image0_ZELEIzn.jpg", "time_taken": "2018-07-03T07:37:44.760Z"}}, {"model": "mainModels.image", "pk": 278, "fields": {"sector": 1, "photo": "image0_ifEgcaG.jpg", "time_taken": "2018-07-03T07:38:10.504Z"}}, {"model": "mainModels.image", "pk": 279, "fields": {"sector": 1, "photo": "image0_LjbY1Up.jpg", "time_taken": "2018-07-03T07:38:36.628Z"}}, {"model": "mainModels.image", "pk": 280, "fields": {"sector": 1, "photo": "image0_rwmBVR8.jpg", "time_taken": "2018-07-03T07:39:02.654Z"}}, {"model": "mainModels.image", "pk": 281, "fields": {"sector": 1, "photo": "image0_4TFGwAb.jpg", "time_taken": "2018-07-03T07:39:28.382Z"}}, {"model": "mainModels.image", "pk": 282, "fields": {"sector": 1, "photo": "image0_4QkSVWD.jpg", "time_taken": "2018-07-03T07:39:54.274Z"}}, {"model": "mainModels.image", "pk": 283, "fields": {"sector": 1, "photo": "image0_gMrEqt0.jpg", "time_taken": "2018-07-03T07:40:20.203Z"}}, {"model": "mainModels.image", "pk": 284, "fields": {"sector": 1, "photo": "image0_oZMl6Oe.jpg", "time_taken": "2018-07-03T07:40:46.250Z"}}, {"model": "mainModels.image", "pk": 285, "fields": {"sector": 1, "photo": "image0_sR0mhQ8.jpg", "time_taken": "2018-07-03T07:41:12.325Z"}}, {"model": "mainModels.image", "pk": 286, "fields": {"sector": 1, "photo": "image0_CWXg8GD.jpg", "time_taken": "2018-07-03T07:41:38.513Z"}}, {"model": "mainModels.image", "pk": 287, "fields": {"sector": 1, "photo": "image0_TZX8ckI.jpg", "time_taken": "2018-07-03T07:42:04.650Z"}}, {"model": "mainModels.image", "pk": 288, "fields": {"sector": 1, "photo": "image0_29sGVwq.jpg", "time_taken": "2018-07-03T07:42:30.824Z"}}, {"model": "mainModels.image", "pk": 289, "fields": {"sector": 1, "photo": "image0_qkufZTD.jpg", "time_taken": "2018-07-03T07:42:57.100Z"}}, {"model": "mainModels.image", "pk": 290, "fields": {"sector": 1, "photo": "image0_MYhZPLQ.jpg", "time_taken": "2018-07-03T07:43:23.147Z"}}, {"model": "mainModels.image", "pk": 291, "fields": {"sector": 1, "photo": "image0_A8S8cO8.jpg", "time_taken": "2018-07-03T07:43:49.234Z"}}, {"model": "mainModels.image", "pk": 292, "fields": {"sector": 1, "photo": "image0_4vux3pR.jpg", "time_taken": "2018-07-03T07:44:15.525Z"}}, {"model": "mainModels.image", "pk": 293, "fields": {"sector": 1, "photo": "image0_Y0Okm8k.jpg", "time_taken": "2018-07-03T07:44:41.580Z"}}, {"model": "mainModels.image", "pk": 294, "fields": {"sector": 1, "photo": "image0_yuyRBbC.jpg", "time_taken": "2018-07-03T07:45:07.220Z"}}, {"model": "mainModels.image", "pk": 295, "fields": {"sector": 1, "photo": "image0_m13j6vf.jpg", "time_taken": "2018-07-03T07:45:34.400Z"}}, {"model": "mainModels.image", "pk": 296, "fields": {"sector": 1, "photo": "image0_24gKu6J.jpg", "time_taken": "2018-07-03T07:46:00.358Z"}}, {"model": "mainModels.image", "pk": 297, "fields": {"sector": 1, "photo": "image0_79Xf0A0.jpg", "time_taken": "2018-07-03T07:46:26.354Z"}}, {"model": "mainModels.image", "pk": 298, "fields": {"sector": 1, "photo": "image0_yla4Jgn.jpg", "time_taken": "2018-07-03T07:46:52.072Z"}}, {"model": "mainModels.image", "pk": 299, "fields": {"sector": 1, "photo": "image0_1TVlwGb.jpg", "time_taken": "2018-07-03T07:47:18.047Z"}}, {"model": "mainModels.image", "pk": 300, "fields": {"sector": 1, "photo": "image0_7EtrXf3.jpg", "time_taken": "2018-07-03T07:47:44.368Z"}}, {"model": "mainModels.image", "pk": 301, "fields": {"sector": 1, "photo": "image0_lGqfTSE.jpg", "time_taken": "2018-07-03T07:48:10.248Z"}}, {"model": "mainModels.image", "pk": 302, "fields": {"sector": 1, "photo": "image0_XMrxqfB.jpg", "time_taken": "2018-07-03T07:48:35.980Z"}}, {"model": "mainModels.image", "pk": 303, "fields": {"sector": 1, "photo": "image0_1vbC2uM.jpg", "time_taken": "2018-07-03T07:49:01.920Z"}}, {"model": "mainModels.image", "pk": 304, "fields": {"sector": 1, "photo": "image0_l3Aoi9Z.jpg", "time_taken": "2018-07-03T07:49:27.984Z"}}, {"model": "mainModels.image", "pk": 305, "fields": {"sector": 1, "photo": "image0_MfYpoE3.jpg", "time_taken": "2018-07-03T07:49:54.134Z"}}, {"model": "mainModels.image", "pk": 306, "fields": {"sector": 1, "photo": "image0_Qi6vsiW.jpg", "time_taken": "2018-07-03T07:50:19.584Z"}}, {"model": "mainModels.image", "pk": 307, "fields": {"sector": 1, "photo": "image0_2xfHK8U.jpg", "time_taken": "2018-07-03T07:50:45.279Z"}}, {"model": "mainModels.image", "pk": 308, "fields": {"sector": 1, "photo": "image0_2UlEZKs.jpg", "time_taken": "2018-07-03T07:51:11.294Z"}}, {"model": "mainModels.image", "pk": 309, "fields": {"sector": 1, "photo": "image0_sXS61i5.jpg", "time_taken": "2018-07-03T07:51:37.201Z"}}, {"model": "mainModels.image", "pk": 310, "fields": {"sector": 1, "photo": "image0_b6wjoXm.jpg", "time_taken": "2018-07-03T07:52:02.502Z"}}, {"model": "mainModels.image", "pk": 311, "fields": {"sector": 1, "photo": "image0_29Z1pxC.jpg", "time_taken": "2018-07-03T07:52:28.465Z"}}, {"model": "mainModels.image", "pk": 312, "fields": {"sector": 1, "photo": "image0_6aGaQQH.jpg", "time_taken": "2018-07-03T07:52:54.822Z"}}, {"model": "mainModels.image", "pk": 313, "fields": {"sector": 1, "photo": "image0_txF4FSx.jpg", "time_taken": "2018-07-03T07:53:20.934Z"}}, {"model": "mainModels.image", "pk": 314, "fields": {"sector": 1, "photo": "image0_E8BbOt4.jpg", "time_taken": "2018-07-03T07:53:46.665Z"}}, {"model": "mainModels.image", "pk": 315, "fields": {"sector": 1, "photo": "image0_VKSmyZE.jpg", "time_taken": "2018-07-03T07:54:12.398Z"}}, {"model": "mainModels.image", "pk": 316, "fields": {"sector": 1, "photo": "image0_vcsCpRB.jpg", "time_taken": "2018-07-03T07:54:38.199Z"}}, {"model": "mainModels.image", "pk": 317, "fields": {"sector": 1, "photo": "image0_hbdv8CZ.jpg", "time_taken": "2018-07-03T07:55:03.925Z"}}, {"model": "mainModels.image", "pk": 318, "fields": {"sector": 1, "photo": "image0_VyDRLLP.jpg", "time_taken": "2018-07-03T07:55:30.275Z"}}, {"model": "mainModels.image", "pk": 319, "fields": {"sector": 1, "photo": "image0_RG0QhvX.jpg", "time_taken": "2018-07-03T07:55:56.558Z"}}, {"model": "mainModels.image", "pk": 320, "fields": {"sector": 1, "photo": "image0_MY2yym4.jpg", "time_taken": "2018-07-03T07:56:22.149Z"}}, {"model": "mainModels.image", "pk": 321, "fields": {"sector": 1, "photo": "image0_JiBZwHi.jpg", "time_taken": "2018-07-03T07:56:48.090Z"}}, {"model": "mainModels.image", "pk": 322, "fields": {"sector": 1, "photo": "image0_EfXuRm2.jpg", "time_taken": "2018-07-03T07:57:14.114Z"}}, {"model": "mainModels.image", "pk": 323, "fields": {"sector": 1, "photo": "image0_sLEaUkL.jpg", "time_taken": "2018-07-03T07:57:40.016Z"}}, {"model": "mainModels.image", "pk": 324, "fields": {"sector": 1, "photo": "image0_YB08VZH.jpg", "time_taken": "2018-07-03T07:58:07.044Z"}}, {"model": "mainModels.image", "pk": 325, "fields": {"sector": 1, "photo": "image0_wVXksUu.jpg", "time_taken": "2018-07-03T07:58:33.042Z"}}, {"model": "mainModels.image", "pk": 326, "fields": {"sector": 1, "photo": "image0_tFa68X8.jpg", "time_taken": "2018-07-03T07:58:59.069Z"}}, {"model": "mainModels.image", "pk": 327, "fields": {"sector": 1, "photo": "image0_u9P0c85.jpg", "time_taken": "2018-07-03T07:59:25.521Z"}}, {"model": "mainModels.image", "pk": 328, "fields": {"sector": 1, "photo": "image0_pZc5tyy.jpg", "time_taken": "2018-07-03T07:59:51.618Z"}}, {"model": "mainModels.image", "pk": 329, "fields": {"sector": 1, "photo": "image0_ZKvnFDT.jpg", "time_taken": "2018-07-03T08:00:17.846Z"}}, {"model": "mainModels.image", "pk": 330, "fields": {"sector": 1, "photo": "image0_s3sp8f2.jpg", "time_taken": "2018-07-03T08:00:43.701Z"}}, {"model": "mainModels.image", "pk": 331, "fields": {"sector": 1, "photo": "image0_ewy4tyD.jpg", "time_taken": "2018-07-03T08:01:09.744Z"}}, {"model": "mainModels.image", "pk": 332, "fields": {"sector": 1, "photo": "image0_XYe3nmu.jpg", "time_taken": "2018-07-03T08:01:36.130Z"}}, {"model": "mainModels.image", "pk": 333, "fields": {"sector": 1, "photo": "image0_DJI0LV0.jpg", "time_taken": "2018-07-03T08:02:01.952Z"}}, {"model": "mainModels.image", "pk": 334, "fields": {"sector": 1, "photo": "image0_ew15kzp.jpg", "time_taken": "2018-07-03T08:02:27.483Z"}}, {"model": "mainModels.image", "pk": 335, "fields": {"sector": 1, "photo": "image0_odM58ZF.jpg", "time_taken": "2018-07-03T08:02:53.752Z"}}, {"model": "mainModels.image", "pk": 336, "fields": {"sector": 1, "photo": "image0_DXRL5vu.jpg", "time_taken": "2018-07-03T08:03:20.787Z"}}, {"model": "mainModels.image", "pk": 337, "fields": {"sector": 1, "photo": "image0_16MgKP0.jpg", "time_taken": "2018-07-03T08:03:46.687Z"}}, {"model": "mainModels.image", "pk": 338, "fields": {"sector": 1, "photo": "image0_pPptREE.jpg", "time_taken": "2018-07-03T08:04:12.166Z"}}, {"model": "mainModels.image", "pk": 339, "fields": {"sector": 1, "photo": "image0_jbmfjdZ.jpg", "time_taken": "2018-07-03T08:04:32.593Z"}}, {"model": "mainModels.image", "pk": 340, "fields": {"sector": 1, "photo": "image0_9q5DsD9.jpg", "time_taken": "2018-07-03T08:04:58.817Z"}}, {"model": "mainModels.image", "pk": 341, "fields": {"sector": 1, "photo": "image0_GxQhatz.jpg", "time_taken": "2018-07-03T08:05:24.657Z"}}, {"model": "mainModels.image", "pk": 342, "fields": {"sector": 1, "photo": "image0_ucgV4fK.jpg", "time_taken": "2018-07-03T08:05:50.685Z"}}, {"model": "mainModels.image", "pk": 343, "fields": {"sector": 1, "photo": "image0_EBeCZGF.jpg", "time_taken": "2018-07-03T08:06:16.395Z"}}, {"model": "mainModels.image", "pk": 344, "fields": {"sector": 1, "photo": "image0_bKNGlg0.jpg", "time_taken": "2018-07-03T08:06:42.380Z"}}, {"model": "mainModels.image", "pk": 345, "fields": {"sector": 1, "photo": "image0_xv6Db1M.jpg", "time_taken": "2018-07-03T08:07:08.205Z"}}, {"model": "mainModels.image", "pk": 346, "fields": {"sector": 1, "photo": "image0_leonT8I.jpg", "time_taken": "2018-07-03T08:07:35.136Z"}}, {"model": "mainModels.image", "pk": 347, "fields": {"sector": 1, "photo": "image0_zLMlYbi.jpg", "time_taken": "2018-07-03T08:08:01.663Z"}}, {"model": "mainModels.image", "pk": 348, "fields": {"sector": 1, "photo": "image0_TXarwcO.jpg", "time_taken": "2018-07-03T08:08:28.383Z"}}, {"model": "mainModels.image", "pk": 349, "fields": {"sector": 1, "photo": "image0_R43dUBQ.jpg", "time_taken": "2018-07-03T08:08:54.516Z"}}, {"model": "mainModels.image", "pk": 350, "fields": {"sector": 1, "photo": "image0_iGhBOMk.jpg", "time_taken": "2018-07-03T08:09:20.130Z"}}, {"model": "mainModels.image", "pk": 351, "fields": {"sector": 1, "photo": "image0_SGGKpxd.jpg", "time_taken": "2018-07-03T08:09:46.464Z"}}, {"model": "mainModels.image", "pk": 352, "fields": {"sector": 1, "photo": "image0_X7wjKL3.jpg", "time_taken": "2018-07-03T08:14:28.806Z"}}, {"model": "mainModels.image", "pk": 353, "fields": {"sector": 1, "photo": "image0_JbSR3rl.jpg", "time_taken": "2018-07-03T08:14:55.331Z"}}, {"model": "mainModels.image", "pk": 354, "fields": {"sector": 1, "photo": "image0_8vp5Znc.jpg", "time_taken": "2018-07-03T08:15:21.572Z"}}, {"model": "mainModels.image", "pk": 355, "fields": {"sector": 1, "photo": "image0_d3znP9S.jpg", "time_taken": "2018-07-03T08:15:47.813Z"}}, {"model": "mainModels.image", "pk": 356, "fields": {"sector": 1, "photo": "image0_TDY7hrE.jpg", "time_taken": "2018-07-03T08:16:13.890Z"}}, {"model": "mainModels.image", "pk": 357, "fields": {"sector": 1, "photo": "image0_kiRO5HP.jpg", "time_taken": "2018-07-03T08:16:40.073Z"}}, {"model": "mainModels.image", "pk": 358, "fields": {"sector": 1, "photo": "image0_1xLOeTR.jpg", "time_taken": "2018-07-03T08:17:05.825Z"}}, {"model": "mainModels.image", "pk": 359, "fields": {"sector": 1, "photo": "image0_ywGWGJq.jpg", "time_taken": "2018-07-03T08:17:31.784Z"}}, {"model": "mainModels.image", "pk": 360, "fields": {"sector": 1, "photo": "image0_haaJLDD.jpg", "time_taken": "2018-07-03T08:17:57.690Z"}}, {"model": "mainModels.image", "pk": 361, "fields": {"sector": 1, "photo": "image0_GCeXa9R.jpg", "time_taken": "2018-07-03T08:54:13.587Z"}}, {"model": "mainModels.image", "pk": 362, "fields": {"sector": 1, "photo": "image0_Oyljo9n.jpg", "time_taken": "2018-07-03T08:54:40.080Z"}}, {"model": "mainModels.image", "pk": 363, "fields": {"sector": 1, "photo": "image0_sw97mr9.jpg", "time_taken": "2018-07-03T08:55:06.774Z"}}, {"model": "mainModels.image", "pk": 364, "fields": {"sector": 1, "photo": "image0_vBMA4ic.jpg", "time_taken": "2018-07-03T08:55:33.854Z"}}, {"model": "mainModels.image", "pk": 365, "fields": {"sector": 1, "photo": "image0_mG1Y3GG.jpg", "time_taken": "2018-07-03T08:55:59.741Z"}}, {"model": "mainModels.image", "pk": 366, "fields": {"sector": 1, "photo": "image0_4YI90dk.jpg", "time_taken": "2018-07-03T08:56:25.891Z"}}, {"model": "mainModels.image", "pk": 367, "fields": {"sector": 1, "photo": "image0_zUGKhPh.jpg", "time_taken": "2018-07-03T08:56:51.844Z"}}, {"model": "mainModels.image", "pk": 368, "fields": {"sector": 1, "photo": "image0_UeeJOro.jpg", "time_taken": "2018-07-03T08:57:17.844Z"}}, {"model": "mainModels.image", "pk": 369, "fields": {"sector": 1, "photo": "image0_QTKpayx.jpg", "time_taken": "2018-07-03T08:57:43.794Z"}}, {"model": "mainModels.image", "pk": 370, "fields": {"sector": 1, "photo": "image0_n2DXUxz.jpg", "time_taken": "2018-07-03T08:58:09.704Z"}}, {"model": "mainModels.image", "pk": 371, "fields": {"sector": 1, "photo": "image0_JvmIVvd.jpg", "time_taken": "2018-07-03T08:58:35.890Z"}}, {"model": "mainModels.image", "pk": 372, "fields": {"sector": 1, "photo": "image0_EPtbVAJ.jpg", "time_taken": "2018-07-03T08:59:02.031Z"}}, {"model": "mainModels.image", "pk": 373, "fields": {"sector": 1, "photo": "image0_gI22M7l.jpg", "time_taken": "2018-07-03T08:59:27.994Z"}}, {"model": "mainModels.image", "pk": 374, "fields": {"sector": 1, "photo": "image0_JFPwoo7.jpg", "time_taken": "2018-07-03T08:59:54.385Z"}}, {"model": "mainModels.image", "pk": 375, "fields": {"sector": 1, "photo": "image0_GESGEqe.jpg", "time_taken": "2018-07-03T09:00:20.825Z"}}, {"model": "mainModels.image", "pk": 376, "fields": {"sector": 1, "photo": "image0_E7qDHmh.jpg", "time_taken": "2018-07-03T09:00:46.851Z"}}, {"model": "mainModels.image", "pk": 377, "fields": {"sector": 1, "photo": "image0_YiP1KWG.jpg", "time_taken": "2018-07-03T09:01:13.176Z"}}, {"model": "mainModels.image", "pk": 378, "fields": {"sector": 1, "photo": "image0_lgWvwNP.jpg", "time_taken": "2018-07-03T09:01:39.568Z"}}, {"model": "mainModels.image", "pk": 379, "fields": {"sector": 1, "photo": "image0_yIgzn9L.jpg", "time_taken": "2018-07-03T09:02:05.507Z"}}, {"model": "mainModels.image", "pk": 380, "fields": {"sector": 1, "photo": "image0_IMF3qJk.jpg", "time_taken": "2018-07-03T09:02:31.444Z"}}, {"model": "mainModels.image", "pk": 381, "fields": {"sector": 1, "photo": "image0_5Z02Wh8.jpg", "time_taken": "2018-07-03T09:02:57.714Z"}}, {"model": "mainModels.image", "pk": 382, "fields": {"sector": 1, "photo": "image0_Pwls2u6.jpg", "time_taken": "2018-07-03T09:03:24.160Z"}}, {"model": "mainModels.image", "pk": 383, "fields": {"sector": 1, "photo": "image0_WdkglYJ.jpg", "time_taken": "2018-07-03T09:03:50.262Z"}}, {"model": "mainModels.image", "pk": 384, "fields": {"sector": 1, "photo": "image0_q5Tzuhj.jpg", "time_taken": "2018-07-03T09:04:16.274Z"}}, {"model": "mainModels.image", "pk": 385, "fields": {"sector": 1, "photo": "image0_WBw8llu.jpg", "time_taken": "2018-07-03T09:04:50.260Z"}}, {"model": "mainModels.image", "pk": 386, "fields": {"sector": 1, "photo": "image0_oYeUyqX.jpg", "time_taken": "2018-07-03T09:05:16.591Z"}}, {"model": "mainModels.image", "pk": 387, "fields": {"sector": 1, "photo": "image0_273dEY0.jpg", "time_taken": "2018-07-03T09:05:42.793Z"}}, {"model": "mainModels.image", "pk": 388, "fields": {"sector": 1, "photo": "image0_de33KTm.jpg", "time_taken": "2018-07-03T09:06:09.092Z"}}, {"model": "mainModels.image", "pk": 389, "fields": {"sector": 1, "photo": "image0_FHKKGG2.jpg", "time_taken": "2018-07-03T09:06:35.006Z"}}, {"model": "mainModels.image", "pk": 390, "fields": {"sector": 1, "photo": "image0_exvGvE0.jpg", "time_taken": "2018-07-03T09:07:00.930Z"}}, {"model": "mainModels.image", "pk": 391, "fields": {"sector": 1, "photo": "image0_gy50LU5.jpg", "time_taken": "2018-07-03T09:07:27.039Z"}}, {"model": "mainModels.image", "pk": 392, "fields": {"sector": 1, "photo": "image0_ki770Fw.jpg", "time_taken": "2018-07-03T09:07:52.789Z"}}, {"model": "mainModels.image", "pk": 393, "fields": {"sector": 1, "photo": "image0_KYosSDK.jpg", "time_taken": "2018-07-03T09:08:18.630Z"}}, {"model": "mainModels.image", "pk": 394, "fields": {"sector": 1, "photo": "image0_m1Nu7uQ.jpg", "time_taken": "2018-07-03T09:08:44.886Z"}}, {"model": "mainModels.image", "pk": 395, "fields": {"sector": 1, "photo": "image0_cMj7zUG.jpg", "time_taken": "2018-07-03T09:09:10.841Z"}}, {"model": "mainModels.image", "pk": 396, "fields": {"sector": 1, "photo": "image0_y3b62W1.jpg", "time_taken": "2018-07-03T09:09:37.077Z"}}, {"model": "mainModels.image", "pk": 397, "fields": {"sector": 1, "photo": "image0_SPDtJAY.jpg", "time_taken": "2018-07-03T09:10:03.206Z"}}, {"model": "mainModels.image", "pk": 398, "fields": {"sector": 1, "photo": "image0_rZDYd59.jpg", "time_taken": "2018-07-03T09:10:29.680Z"}}, {"model": "mainModels.image", "pk": 399, "fields": {"sector": 1, "photo": "image0_3lo1lLz.jpg", "time_taken": "2018-07-03T09:10:55.816Z"}}, {"model": "mainModels.image", "pk": 400, "fields": {"sector": 1, "photo": "image0_8dTldqa.jpg", "time_taken": "2018-07-03T09:11:22.532Z"}}, {"model": "mainModels.image", "pk": 401, "fields": {"sector": 1, "photo": "image0_BLfQFbr.jpg", "time_taken": "2018-07-03T09:22:09.297Z"}}, {"model": "mainModels.image", "pk": 402, "fields": {"sector": 1, "photo": "image0_B9n3SOK.jpg", "time_taken": "2018-07-03T09:22:35.434Z"}}, {"model": "mainModels.image", "pk": 403, "fields": {"sector": 1, "photo": "image0_DmeMZFE.jpg", "time_taken": "2018-07-03T09:23:01.845Z"}}, {"model": "mainModels.image", "pk": 404, "fields": {"sector": 1, "photo": "image0_k8VE5Uv.jpg", "time_taken": "2018-07-03T09:23:27.880Z"}}, {"model": "mainModels.image", "pk": 405, "fields": {"sector": 1, "photo": "image0_X9UGAJO.jpg", "time_taken": "2018-07-03T09:23:54.172Z"}}, {"model": "mainModels.image", "pk": 406, "fields": {"sector": 1, "photo": "image0_0hPcX02.jpg", "time_taken": "2018-07-03T09:24:20.275Z"}}, {"model": "mainModels.image", "pk": 407, "fields": {"sector": 1, "photo": "image0_iaz3wp6.jpg", "time_taken": "2018-07-03T09:24:46.482Z"}}, {"model": "mainModels.image", "pk": 408, "fields": {"sector": 1, "photo": "image0_ZVTkESH.jpg", "time_taken": "2018-07-03T09:25:12.348Z"}}, {"model": "mainModels.image", "pk": 409, "fields": {"sector": 1, "photo": "image0_PgkKBx0.jpg", "time_taken": "2018-07-03T09:59:25.077Z"}}, {"model": "mainModels.image", "pk": 410, "fields": {"sector": 1, "photo": "image0_hSkEKpc.jpg", "time_taken": "2018-07-03T09:59:56.829Z"}}, {"model": "mainModels.image", "pk": 411, "fields": {"sector": 1, "photo": "image0_DMlRhNr.jpg", "time_taken": "2018-07-03T10:00:12.897Z"}}, {"model": "mainModels.image", "pk": 412, "fields": {"sector": 1, "photo": "image0_4pYxUPo.jpg", "time_taken": "2018-07-03T10:00:28.920Z"}}, {"model": "mainModels.image", "pk": 413, "fields": {"sector": 1, "photo": "image0_ARoZFXq.jpg", "time_taken": "2018-07-03T10:02:05.970Z"}}, {"model": "mainModels.image", "pk": 414, "fields": {"sector": 1, "photo": "image0_0UBzad6.jpg", "time_taken": "2018-07-03T10:02:22.093Z"}}, {"model": "mainModels.image", "pk": 415, "fields": {"sector": 1, "photo": "image0_jF03kNh.jpg", "time_taken": "2018-07-03T10:05:00.268Z"}}, {"model": "mainModels.image", "pk": 416, "fields": {"sector": 1, "photo": "image0_Gi6logQ.jpg", "time_taken": "2018-07-03T10:05:16.412Z"}}, {"model": "mainModels.image", "pk": 417, "fields": {"sector": 1, "photo": "image0_TRfmSjz.jpg", "time_taken": "2018-07-03T10:05:48.647Z"}}, {"model": "mainModels.image", "pk": 418, "fields": {"sector": 1, "photo": "image0_4r2nxgp.jpg", "time_taken": "2018-07-03T10:08:11.269Z"}}, {"model": "mainModels.image", "pk": 419, "fields": {"sector": 1, "photo": "image0_GbiRVIQ.jpg", "time_taken": "2018-07-03T10:08:49.012Z"}}, {"model": "mainModels.image", "pk": 420, "fields": {"sector": 1, "photo": "image0_tdhWWuS.jpg", "time_taken": "2018-07-03T10:09:24.980Z"}}, {"model": "mainModels.image", "pk": 421, "fields": {"sector": 1, "photo": "image0_fSJzpwm.jpg", "time_taken": "2018-07-03T10:13:49.419Z"}}, {"model": "mainModels.image", "pk": 422, "fields": {"sector": 1, "photo": "image0_r1JDYGN.jpg", "time_taken": "2018-07-03T10:14:32.633Z"}}, {"model": "mainModels.image", "pk": 423, "fields": {"sector": 1, "photo": "image0_VSByiGU.jpg", "time_taken": "2018-07-03T10:14:52.117Z"}}, {"model": "mainModels.image", "pk": 424, "fields": {"sector": 1, "photo": "image0_fAMc33G.jpg", "time_taken": "2018-07-03T10:16:11.623Z"}}, {"model": "mainModels.image", "pk": 425, "fields": {"sector": 1, "photo": "image0_1zcjET5.jpg", "time_taken": "2018-07-03T10:26:41.590Z"}}, {"model": "mainModels.image", "pk": 426, "fields": {"sector": 1, "photo": "image0_N4siNx4.jpg", "time_taken": "2018-07-03T10:28:26.434Z"}}, {"model": "mainModels.image", "pk": 427, "fields": {"sector": 1, "photo": "image0_rXkrJdi.jpg", "time_taken": "2018-07-03T10:32:08.132Z"}}, {"model": "mainModels.image", "pk": 428, "fields": {"sector": 1, "photo": "image0_Tga0N1G.jpg", "time_taken": "2018-07-03T10:33:39.337Z"}}, {"model": "mainModels.output", "pk": 1, "fields": {"parking_lot": 1}}, {"model": "mainModels.output", "pk": 2, "fields": {"parking_lot": 1}}, {"model": "mainModels.output", "pk": 3, "fields": {"parking_lot": 1}}, {"model": "mainModels.arduinooutput", "pk": 1, "fields": {"ip_address": ""}}, {"model": "mainModels.arduinooutput", "pk": 2, "fields": {"ip_address": "10.0.0.0"}}, {"model": "mainModels.arduinooutput", "pk": 3, "fields": {"ip_address": "x"}}, {"model": "contenttypes.contenttype", "pk": 1, "fields": {"app_label": "imageProcessor", "model": "imageprocessor"}}, {"model": "contenttypes.contenttype", "pk": 2, "fields": {"app_label": "mainModels", "model": "parkingevent"}}, {"model": "contenttypes.contenttype", "pk": 3, "fields": {"app_label": "mainModels", "model": "output"}}, {"model": "contenttypes.contenttype", "pk": 4, "fields": {"app_label": "mainModels", "model": "image"}}, {"model": "contenttypes.contenttype", "pk": 5, "fields": {"app_label": "mainModels", "model": "row"}}, {"model": "contenttypes.contenttype", "pk": 6, "fields": {"app_label": "mainModels", "model": "input"}}, {"model": "contenttypes.contenttype", "pk": 7, "fields": {"app_label": "mainModels", "model": "imagecoordinates"}}, {"model": "contenttypes.contenttype", "pk": 8, "fields": {"app_label": "mainModels", "model": "lotstate"}}, {"model": "contenttypes.contenttype", "pk": 9, "fields": {"app_label": "mainModels", "model": "parkinglot"}}, {"model": "contenttypes.contenttype", "pk": 10, "fields": {"app_label": "mainModels", "model": "camera"}}, {"model": "contenttypes.contenttype", "pk": 11, "fields": {"app_label": "mainModels", "model": "spot"}}, {"model": "contenttypes.contenttype", "pk": 12, "fields": {"app_label": "mainModels", "model": "sectorspot"}}, {"model": "contenttypes.contenttype", "pk": 13, "fields": {"app_label": "mainModels", "model": "camerahubinput"}}, {"model": "contenttypes.contenttype", "pk": 14, "fields": {"app_label": "mainModels", "model": "sector"}}, {"model": "contenttypes.contenttype", "pk": 15, "fields": {"app_label": "mainModels", "model": "arduinooutput"}}, {"model": "contenttypes.contenttype", "pk": 16, "fields": {"app_label": "admin", "model": "logentry"}}, {"model": "contenttypes.contenttype", "pk": 17, "fields": {"app_label": "auth", "model": "user"}}, {"model": "contenttypes.contenttype", "pk": 18, "fields": {"app_label": "auth", "model": "permission"}}, {"model": "contenttypes.contenttype", "pk": 19, "fields": {"app_label": "auth", "model": "group"}}, {"model": "contenttypes.contenttype", "pk": 20, "fields": {"app_label": "contenttypes", "model": "contenttype"}}, {"model": "contenttypes.contenttype", "pk": 21, "fields": {"app_label": "sessions", "model": "session"}}, {"model": "sessions.session", "pk": "dk7psjcq0ripyxi8g4tzp35degpno8sq", "fields": {"session_data": "MDk5YzE2OWFlYTk0MDFjM2ZhYTY1ZjlhNDhmNDM5N2IxNzVmYTcxMzp7Il9hdXRoX3VzZXJfaWQiOiIxIiwiX2F1dGhfdXNlcl9iYWNrZW5kIjoiZGphbmdvLmNvbnRyaWIuYXV0aC5iYWNrZW5kcy5Nb2RlbEJhY2tlbmQiLCJfYXV0aF91c2VyX2hhc2giOiI4NWE5NmU4NmNjYTc4NjY2ZDYxZWI0NjJlZGE2Nzg2YWM5ODZiOTQzIn0=", "expire_date": "2018-12-17T06:40:14.656Z"}}, {"model": "auth.permission", "pk": 1, "fields": {"name": "Can add image processor", "content_type": 1, "codename": "add_imageprocessor"}}, {"model": "auth.permission", "pk": 2, "fields": {"name": "Can change image processor", "content_type": 1, "codename": "change_imageprocessor"}}, {"model": "auth.permission", "pk": 3, "fields": {"name": "Can delete image processor", "content_type": 1, "codename": "delete_imageprocessor"}}, {"model": "auth.permission", "pk": 4, "fields": {"name": "Can view image processor", "content_type": 1, "codename": "view_imageprocessor"}}, {"model": "auth.permission", "pk": 5, "fields": {"name": "Can add parking event", "content_type": 2, "codename": "add_parkingevent"}}, {"model": "auth.permission", "pk": 6, "fields": {"name": "Can change parking event", "content_type": 2, "codename": "change_parkingevent"}}, {"model": "auth.permission", "pk": 7, "fields": {"name": "Can delete parking event", "content_type": 2, "codename": "delete_parkingevent"}}, {"model": "auth.permission", "pk": 8, "fields": {"name": "Can view parking event", "content_type": 2, "codename": "view_parkingevent"}}, {"model": "auth.permission", "pk": 9, "fields": {"name": "Can add output", "content_type": 3, "codename": "add_output"}}, {"model": "auth.permission", "pk": 10, "fields": {"name": "Can change output", "content_type": 3, "codename": "change_output"}}, {"model": "auth.permission", "pk": 11, "fields": {"name": "Can delete output", "content_type": 3, "codename": "delete_output"}}, {"model": "auth.permission", "pk": 12, "fields": {"name": "Can view output", "content_type": 3, "codename": "view_output"}}, {"model": "auth.permission", "pk": 13, "fields": {"name": "Can add image", "content_type": 4, "codename": "add_image"}}, {"model": "auth.permission", "pk": 14, "fields": {"name": "Can change image", "content_type": 4, "codename": "change_image"}}, {"model": "auth.permission", "pk": 15, "fields": {"name": "Can delete image", "content_type": 4, "codename": "delete_image"}}, {"model": "auth.permission", "pk": 16, "fields": {"name": "Can view image", "content_type": 4, "codename": "view_image"}}, {"model": "auth.permission", "pk": 17, "fields": {"name": "Can add row", "content_type": 5, "codename": "add_row"}}, {"model": "auth.permission", "pk": 18, "fields": {"name": "Can change row", "content_type": 5, "codename": "change_row"}}, {"model": "auth.permission", "pk": 19, "fields": {"name": "Can delete row", "content_type": 5, "codename": "delete_row"}}, {"model": "auth.permission", "pk": 20, "fields": {"name": "Can view row", "content_type": 5, "codename": "view_row"}}, {"model": "auth.permission", "pk": 21, "fields": {"name": "Can add input", "content_type": 6, "codename": "add_input"}}, {"model": "auth.permission", "pk": 22, "fields": {"name": "Can change input", "content_type": 6, "codename": "change_input"}}, {"model": "auth.permission", "pk": 23, "fields": {"name": "Can delete input", "content_type": 6, "codename": "delete_input"}}, {"model": "auth.permission", "pk": 24, "fields": {"name": "Can view input", "content_type": 6, "codename": "view_input"}}, {"model": "auth.permission", "pk": 25, "fields": {"name": "Can add image coordinates", "content_type": 7, "codename": "add_imagecoordinates"}}, {"model": "auth.permission", "pk": 26, "fields": {"name": "Can change image coordinates", "content_type": 7, "codename": "change_imagecoordinates"}}, {"model": "auth.permission", "pk": 27, "fields": {"name": "Can delete image coordinates", "content_type": 7, "codename": "delete_imagecoordinates"}}, {"model": "auth.permission", "pk": 28, "fields": {"name": "Can view image coordinates", "content_type": 7, "codename": "view_imagecoordinates"}}, {"model": "auth.permission", "pk": 29, "fields": {"name": "Can add lot state", "content_type": 8, "codename": "add_lotstate"}}, {"model": "auth.permission", "pk": 30, "fields": {"name": "Can change lot state", "content_type": 8, "codename": "change_lotstate"}}, {"model": "auth.permission", "pk": 31, "fields": {"name": "Can delete lot state", "content_type": 8, "codename": "delete_lotstate"}}, {"model": "auth.permission", "pk": 32, "fields": {"name": "Can view lot state", "content_type": 8, "codename": "view_lotstate"}}, {"model": "auth.permission", "pk": 33, "fields": {"name": "Can add parking lot", "content_type": 9, "codename": "add_parkinglot"}}, {"model": "auth.permission", "pk": 34, "fields": {"name": "Can change parking lot", "content_type": 9, "codename": "change_parkinglot"}}, {"model": "auth.permission", "pk": 35, "fields": {"name": "Can delete parking lot", "content_type": 9, "codename": "delete_parkinglot"}}, {"model": "auth.permission", "pk": 36, "fields": {"name": "Can view parking lot", "content_type": 9, "codename": "view_parkinglot"}}, {"model": "auth.permission", "pk": 37, "fields": {"name": "Can add camera", "content_type": 10, "codename": "add_camera"}}, {"model": "auth.permission", "pk": 38, "fields": {"name": "Can change camera", "content_type": 10, "codename": "change_camera"}}, {"model": "auth.permission", "pk": 39, "fields": {"name": "Can delete camera", "content_type": 10, "codename": "delete_camera"}}, {"model": "auth.permission", "pk": 40, "fields": {"name": "Can view camera", "content_type": 10, "codename": "view_camera"}}, {"model": "auth.permission", "pk": 41, "fields": {"name": "Can add spot", "content_type": 11, "codename": "add_spot"}}, {"model": "auth.permission", "pk": 42, "fields": {"name": "Can change spot", "content_type": 11, "codename": "change_spot"}}, {"model": "auth.permission", "pk": 43, "fields": {"name": "Can delete spot", "content_type": 11, "codename": "delete_spot"}}, {"model": "auth.permission", "pk": 44, "fields": {"name": "Can view spot", "content_type": 11, "codename": "view_spot"}}, {"model": "auth.permission", "pk": 45, "fields": {"name": "Can add sector spot", "content_type": 12, "codename": "add_sectorspot"}}, {"model": "auth.permission", "pk": 46, "fields": {"name": "Can change sector spot", "content_type": 12, "codename": "change_sectorspot"}}, {"model": "auth.permission", "pk": 47, "fields": {"name": "Can delete sector spot", "content_type": 12, "codename": "delete_sectorspot"}}, {"model": "auth.permission", "pk": 48, "fields": {"name": "Can view sector spot", "content_type": 12, "codename": "view_sectorspot"}}, {"model": "auth.permission", "pk": 49, "fields": {"name": "Can add camera hub input", "content_type": 13, "codename": "add_camerahubinput"}}, {"model": "auth.permission", "pk": 50, "fields": {"name": "Can change camera hub input", "content_type": 13, "codename": "change_camerahubinput"}}, {"model": "auth.permission", "pk": 51, "fields": {"name": "Can delete camera hub input", "content_type": 13, "codename": "delete_camerahubinput"}}, {"model": "auth.permission", "pk": 52, "fields": {"name": "Can view camera hub input", "content_type": 13, "codename": "view_camerahubinput"}}, {"model": "auth.permission", "pk": 53, "fields": {"name": "Can add sector", "content_type": 14, "codename": "add_sector"}}, {"model": "auth.permission", "pk": 54, "fields": {"name": "Can change sector", "content_type": 14, "codename": "change_sector"}}, {"model": "auth.permission", "pk": 55, "fields": {"name": "Can delete sector", "content_type": 14, "codename": "delete_sector"}}, {"model": "auth.permission", "pk": 56, "fields": {"name": "Can view sector", "content_type": 14, "codename": "view_sector"}}, {"model": "auth.permission", "pk": 57, "fields": {"name": "Can add arduino output", "content_type": 15, "codename": "add_arduinooutput"}}, {"model": "auth.permission", "pk": 58, "fields": {"name": "Can change arduino output", "content_type": 15, "codename": "change_arduinooutput"}}, {"model": "auth.permission", "pk": 59, "fields": {"name": "Can delete arduino output", "content_type": 15, "codename": "delete_arduinooutput"}}, {"model": "auth.permission", "pk": 60, "fields": {"name": "Can view arduino output", "content_type": 15, "codename": "view_arduinooutput"}}, {"model": "auth.permission", "pk": 61, "fields": {"name": "Can add log entry", "content_type": 16, "codename": "add_logentry"}}, {"model": "auth.permission", "pk": 62, "fields": {"name": "Can change log entry", "content_type": 16, "codename": "change_logentry"}}, {"model": "auth.permission", "pk": 63, "fields": {"name": "Can delete log entry", "content_type": 16, "codename": "delete_logentry"}}, {"model": "auth.permission", "pk": 64, "fields": {"name": "Can view log entry", "content_type": 16, "codename": "view_logentry"}}, {"model": "auth.permission", "pk": 65, "fields": {"name": "Can add user", "content_type": 17, "codename": "add_user"}}, {"model": "auth.permission", "pk": 66, "fields": {"name": "Can change user", "content_type": 17, "codename": "change_user"}}, {"model": "auth.permission", "pk": 67, "fields": {"name": "Can delete user", "content_type": 17, "codename": "delete_user"}}, {"model": "auth.permission", "pk": 68, "fields": {"name": "Can view user", "content_type": 17, "codename": "view_user"}}, {"model": "auth.permission", "pk": 69, "fields": {"name": "Can add permission", "content_type": 18, "codename": "add_permission"}}, {"model": "auth.permission", "pk": 70, "fields": {"name": "Can change permission", "content_type": 18, "codename": "change_permission"}}, {"model": "auth.permission", "pk": 71, "fields": {"name": "Can delete permission", "content_type": 18, "codename": "delete_permission"}}, {"model": "auth.permission", "pk": 72, "fields": {"name": "Can view permission", "content_type": 18, "codename": "view_permission"}}, {"model": "auth.permission", "pk": 73, "fields": {"name": "Can add group", "content_type": 19, "codename": "add_group"}}, {"model": "auth.permission", "pk": 74, "fields": {"name": "Can change group", "content_type": 19, "codename": "change_group"}}, {"model": "auth.permission", "pk": 75, "fields": {"name": "Can delete group", "content_type": 19, "codename": "delete_group"}}, {"model": "auth.permission", "pk": 76, "fields": {"name": "Can view group", "content_type": 19, "codename": "view_group"}}, {"model": "auth.permission", "pk": 77, "fields": {"name": "Can add content type", "content_type": 20, "codename": "add_contenttype"}}, {"model": "auth.permission", "pk": 78, "fields": {"name": "Can change content type", "content_type": 20, "codename": "change_contenttype"}}, {"model": "auth.permission", "pk": 79, "fields": {"name": "Can delete content type", "content_type": 20, "codename": "delete_contenttype"}}, {"model": "auth.permission", "pk": 80, "fields": {"name": "Can view content type", "content_type": 20, "codename": "view_contenttype"}}, {"model": "auth.permission", "pk": 81, "fields": {"name": "Can add session", "content_type": 21, "codename": "add_session"}}, {"model": "auth.permission", "pk": 82, "fields": {"name": "Can change session", "content_type": 21, "codename": "change_session"}}, {"model": "auth.permission", "pk": 83, "fields": {"name": "Can delete session", "content_type": 21, "codename": "delete_session"}}, {"model": "auth.permission", "pk": 84, "fields": {"name": "Can view session", "content_type": 21, "codename": "view_session"}}, {"model": "auth.user", "pk": 1, "fields": {"password": "pbkdf2_sha256$120000$PVC52q5jzZiw$8kkZokI/ZX8ma9vC8KmS7jNhhfiNrPj8bBPryPyfuwI=", "last_login": "2018-12-03T06:40:14.645Z", "is_superuser": true, "username": "admin", "first_name": "", "last_name": "", "email": "admin@admin.com", "is_staff": true, "is_active": true, "date_joined": "2018-12-03T06:40:09.806Z", "groups": [], "user_permissions": []}}, {"model": "admin.logentry", "pk": 1, "fields": {"action_time": "2018-12-03T07:58:10.412Z", "user": 1, "content_type": 15, "object_id": "2", "object_repr": "ArduinoOutput object (2)", "action_flag": 1, "change_message": "[{\"added\": {}}]"}}, {"model": "admin.logentry", "pk": 2, "fields": {"action_time": "2018-12-03T07:58:57.759Z", "user": 1, "content_type": 15, "object_id": "3", "object_repr": "ArduinoOutput object (3)", "action_flag": 1, "change_message": "[{\"added\": {}}]"}}]